country,code,year,rate
Afghanistan,AFG,2004,0.566015727
Albania,ALB,2004,1.539476417
Algeria,DZA,2004,1.118297833
Andorra,AND,2004,2.772599151
Angola,AGO,2004,2.636720505
Argentina,ARG,1966,3.233862499
Argentina,ARG,1967,3.4390531
Argentina,ARG,1968,3.390131674
Argentina,ARG,1969,3.750768536
Argentina,ARG,1970,3.154566584
Argentina,ARG,1977,2.861354368
Argentina,ARG,1978,2.844376631
Argentina,ARG,1979,2.70661492
Argentina,ARG,1980,2.975403
Argentina,ARG,1981,3.267860899
Argentina,ARG,1982,3.273441825
Argentina,ARG,1983,2.69967714
Argentina,ARG,1984,3.178934607
Argentina,ARG,1985,3.004803845
Argentina,ARG,1986,2.795514642
Argentina,ARG,1987,2.577257273
Argentina,ARG,1988,2.818654957
Argentina,ARG,1989,2.986551949
Argentina,ARG,1990,2.877357033
Argentina,ARG,1991,3.311523912
Argentina,ARG,1992,3.778150952
Argentina,ARG,1993,4.031369864
Argentina,ARG,1994,3.800803272
Argentina,ARG,1995,3.80510109
Argentina,ARG,1996,3.598924279
Argentina,ARG,1997,3.37620366
Argentina,ARG,1998,3.890708634
Argentina,ARG,1999,4.375385917
Argentina,ARG,2000,4.428899013
Argentina,ARG,2001,3.961341267
Argentina,ARG,2002,3.794609993
Argentina,ARG,2003,4.128135483
Argentina,ARG,2004,4.059352666
Armenia,ARM,2004,4.144052589
Australia,AUS,1950,3.04702317
Australia,AUS,1951,3.130567263
Australia,AUS,1952,3.095153602
Australia,AUS,1953,2.696409496
Australia,AUS,1954,3.018043769
Australia,AUS,1955,2.912951685
Australia,AUS,1956,2.798563349
Australia,AUS,1957,2.641631207
Australia,AUS,1958,3.102981275
Australia,AUS,1959,2.917857055
Australia,AUS,1960,2.520857693
Australia,AUS,1961,2.578194147
Australia,AUS,1962,2.23768361
Australia,AUS,1963,2.022625695
Australia,AUS,1964,1.99078858
Australia,AUS,1965,1.768392631
Australia,AUS,1966,1.68368123
Australia,AUS,1967,1.759873326
Australia,AUS,1968,2.026715155
Australia,AUS,1969,2.190015302
Australia,AUS,1970,2.324426473
Australia,AUS,1971,1.970500247
Australia,AUS,1972,2.029717314
Australia,AUS,1973,2.134535465
Australia,AUS,1974,2.204762232
Australia,AUS,1975,2.197331127
Australia,AUS,1976,2.747949292
Australia,AUS,1977,2.596234035
Australia,AUS,1978,2.421807976
Australia,AUS,1979,2.536482946
Australia,AUS,1980,2.971273786
Australia,AUS,1981,3.076538419
Australia,AUS,1982,3.015831588
Australia,AUS,1983,3.307435939
Australia,AUS,1984,3.347871391
Australia,AUS,1985,3.491274809
Australia,AUS,1986,3.415443038
Australia,AUS,1987,4.080172591
Australia,AUS,1988,3.842531766
Australia,AUS,1989,4.056352338
Australia,AUS,1990,4.123367321
Australia,AUS,1991,3.823206392
Australia,AUS,1992,3.983295542
Australia,AUS,1993,4.288058005
Australia,AUS,1994,4.616697324
Australia,AUS,1995,3.795164862
Australia,AUS,1996,4.390270908
Australia,AUS,1997,3.880978924
Australia,AUS,1998,4.159641452
Australia,AUS,1999,4.120232937
Australia,AUS,2000,3.818559545
Australia,AUS,2001,3.863958622
Australia,AUS,2002,3.746938641
Australia,AUS,2003,3.663347547
Australia,AUS,2004,3.8622851
Austria,AUT,1955,2.301162602
Austria,AUT,1956,2.396289827
Austria,AUT,1957,2.506975414
Austria,AUT,1958,2.453268706
Austria,AUT,1959,2.554199206
Austria,AUT,1960,2.434064352
Austria,AUT,1961,2.564374761
Austria,AUT,1962,2.817616102
Austria,AUT,1963,2.508638591
Austria,AUT,1964,2.892779239
Austria,AUT,1965,2.52792112
Austria,AUT,1966,2.713764694
Austria,AUT,1967,2.887116899
Austria,AUT,1968,2.97752575
Austria,AUT,1969,2.534774004
Austria,AUT,1970,3.00540952
Austria,AUT,1971,2.543653989
Austria,AUT,1972,2.742546737
Austria,AUT,1973,2.790644443
Austria,AUT,1974,2.76574685
Austria,AUT,1975,3.022104503
Austria,AUT,1976,3.021966478
Austria,AUT,1977,2.681223783
Austria,AUT,1978,2.987370998
Austria,AUT,1979,2.861478759
Austria,AUT,1980,3.006026233
Austria,AUT,1981,3.013681046
Austria,AUT,1982,3.362630563
Austria,AUT,1983,3.025904988
Austria,AUT,1984,3.137240085
Austria,AUT,1985,2.978271916
Austria,AUT,1986,2.964589862
Austria,AUT,1987,2.983651486
Austria,AUT,1988,3.161344105
Austria,AUT,1989,2.860707215
Austria,AUT,1990,3.00586123
Austria,AUT,1991,3.35642176
Austria,AUT,1992,3.173446962
Austria,AUT,1993,3.247413475
Austria,AUT,1994,3.093932402
Austria,AUT,1995,3.682254871
Austria,AUT,1996,3.792497252
Austria,AUT,1997,3.413375538
Austria,AUT,1998,3.661471461
Austria,AUT,1999,3.193820794
Austria,AUT,2000,3.215430474
Austria,AUT,2001,3.298653176
Austria,AUT,2002,3.932702446
Austria,AUT,2003,3.213522051
Austria,AUT,2004,3.745922894
Azerbaijan,AZE,1981,2.07168629
Azerbaijan,AZE,1982,2.508390034
Azerbaijan,AZE,1985,2.758803943
Azerbaijan,AZE,1986,2.282846787
Azerbaijan,AZE,1987,2.29090241
Azerbaijan,AZE,1988,2.241665394
Azerbaijan,AZE,1989,2.362189393
Azerbaijan,AZE,1990,3.989916134
Azerbaijan,AZE,1991,3.34119876
Azerbaijan,AZE,1992,3.463483012
Azerbaijan,AZE,1993,2.712186888
Azerbaijan,AZE,1994,1.994507757
Azerbaijan,AZE,1995,8.228255413
Azerbaijan,AZE,1996,4.969132491
Azerbaijan,AZE,1997,4.585919641
Azerbaijan,AZE,1998,3.046275972
Azerbaijan,AZE,1999,3.795470236
Azerbaijan,AZE,2000,3.39623278
Azerbaijan,AZE,2004,4.273433111
Bahamas,BHS,2004,3.254148553
Bahrain,BHR,1985,3.328620642
Bahrain,BHR,1987,2.871571317
Bahrain,BHR,1988,6.016706453
Bahrain,BHR,1999,2.737241409
Bahrain,BHR,2000,18.74606683
Bahrain,BHR,2001,4.668340862
Bahrain,BHR,2004,9.134470428
Bangladesh,BGD,2004,1.028665298
Barbados,BRB,2004,7.869119819
Belarus,BLR,1981,5.666250475
Belarus,BLR,1982,5.922457694
Belarus,BLR,1985,5.598650951
Belarus,BLR,1986,4.700028073
Belarus,BLR,1987,4.310737703
Belarus,BLR,1988,4.507477004
Belarus,BLR,1989,5.159812089
Belarus,BLR,1990,4.994318257
Belarus,BLR,1991,5.198677846
Belarus,BLR,1992,5.318753166
Belarus,BLR,1993,5.805742525
Belarus,BLR,1994,5.924085239
Belarus,BLR,1995,6.719156595
Belarus,BLR,1997,6.574483349
Belarus,BLR,1998,7.208325993
Belarus,BLR,1999,6.719917028
Belarus,BLR,2000,7.669045516
Belarus,BLR,2001,7.416400118
Belarus,BLR,2002,6.873178571
Belarus,BLR,2003,6.992610451
Belarus,BLR,2004,6.753238872
Belgium,BEL,1954,3.001702755
Belgium,BEL,1955,2.995276586
Belgium,BEL,1956,2.557333264
Belgium,BEL,1957,2.629816417
Belgium,BEL,1958,2.866732501
Belgium,BEL,1959,2.734352425
Belgium,BEL,1960,2.902326143
Belgium,BEL,1961,2.900226779
Belgium,BEL,1962,2.837038045
Belgium,BEL,1963,2.413113918
Belgium,BEL,1964,2.707967847
Belgium,BEL,1965,2.360173134
Belgium,BEL,1966,2.508755907
Belgium,BEL,1967,2.504366405
Belgium,BEL,1968,2.324352946
Belgium,BEL,1969,2.557860873
Belgium,BEL,1970,2.126570136
Belgium,BEL,1971,2.47285028
Belgium,BEL,1972,2.26410991
Belgium,BEL,1973,2.48179855
Belgium,BEL,1974,2.278885474
Belgium,BEL,1975,1.972002823
Belgium,BEL,1976,2.079500818
Belgium,BEL,1977,2.012234027
Belgium,BEL,1978,2.090299622
Belgium,BEL,1979,2.057273098
Belgium,BEL,1980,1.916245527
Belgium,BEL,1981,2.168309212
Belgium,BEL,1982,2.333559285
Belgium,BEL,1983,2.042159473
Belgium,BEL,1984,2.306874531
Belgium,BEL,1985,2.282658198
Belgium,BEL,1986,2.289679482
Belgium,BEL,1987,2.529879305
Belgium,BEL,1988,2.392406868
Belgium,BEL,1989,2.59832342
Belgium,BEL,1990,2.463537326
Belgium,BEL,1991,2.714766255
Belgium,BEL,1992,2.677012008
Belgium,BEL,1993,3.008702279
Belgium,BEL,1994,2.972672268
Belgium,BEL,1995,2.87154357
Belgium,BEL,1998,2.95548885
Belgium,BEL,1999,3.016504908
Belgium,BEL,2004,2.940503416
Belize,BLZ,2004,9.263307815
Benin,BEN,2004,1.800661464
Bhutan,BTN,2004,1.441894759
Bolivia,BOL,2004,2.523503945
Bosnia and Herzegovina,BIH,1985,3.549676629
Bosnia and Herzegovina,BIH,1986,3.277545018
Bosnia and Herzegovina,BIH,1987,3.013339603
Bosnia and Herzegovina,BIH,1988,3.648029933
Bosnia and Herzegovina,BIH,1989,4.255595563
Bosnia and Herzegovina,BIH,1990,4.511446473
Bosnia and Herzegovina,BIH,1991,5.929029181
Bosnia and Herzegovina,BIH,2004,3.019754723
Botswana,BWA,2004,1.467757614
Brazil,BRA,1982,2.95497813
Brazil,BRA,1983,2.827219319
Brazil,BRA,1984,3.095258121
Brazil,BRA,1985,3.219614367
Brazil,BRA,1986,3.042269106
Brazil,BRA,1987,3.231079628
Brazil,BRA,1988,3.123558152
Brazil,BRA,1989,3.418212906
Brazil,BRA,1990,3.13894395
Brazil,BRA,1991,3.545966929
Brazil,BRA,1992,3.759858608
Brazil,BRA,1993,3.933903935
Brazil,BRA,1994,3.898599453
Brazil,BRA,1995,3.973183318
Brazil,BRA,1996,4.09233042
Brazil,BRA,1997,4.212573887
Brazil,BRA,1998,4.17527773
Brazil,BRA,1999,4.683287617
Brazil,BRA,2000,4.29110706
Brazil,BRA,2001,4.337808469
Brazil,BRA,2002,3.857759132
Brazil,BRA,2003,4.252936143
Brazil,BRA,2004,4.012724463
Brunei,BRN,2004,6.169003659
Bulgaria,BGR,1964,2.490889566
Bulgaria,BGR,1965,2.005645841
Bulgaria,BGR,1966,2.47231548
Bulgaria,BGR,1967,2.637892521
Bulgaria,BGR,1968,2.125653763
Bulgaria,BGR,1969,2.176662476
Bulgaria,BGR,1970,2.28045348
Bulgaria,BGR,1971,2.571763102
Bulgaria,BGR,1972,2.472265837
Bulgaria,BGR,1973,2.537361243
Bulgaria,BGR,1974,2.550351144
Bulgaria,BGR,1975,2.601973121
Bulgaria,BGR,1976,2.60196802
Bulgaria,BGR,1977,2.75143171
Bulgaria,BGR,1978,2.576478585
Bulgaria,BGR,1979,2.408347702
Bulgaria,BGR,1980,2.423124802
Bulgaria,BGR,1981,2.57261052
Bulgaria,BGR,1982,2.661067191
Bulgaria,BGR,1983,3.004990144
Bulgaria,BGR,1984,2.783929668
Bulgaria,BGR,1985,2.791212966
Bulgaria,BGR,1986,2.62658298
Bulgaria,BGR,1987,2.906979247
Bulgaria,BGR,1988,2.714504778
Bulgaria,BGR,1989,2.866516816
Bulgaria,BGR,1990,2.716113887
Bulgaria,BGR,1991,3.210081099
Bulgaria,BGR,1992,3.214655292
Bulgaria,BGR,1993,2.752001095
Bulgaria,BGR,1994,2.902181734
Bulgaria,BGR,1995,2.939815712
Bulgaria,BGR,1996,3.205903789
Bulgaria,BGR,1997,2.590735222
Bulgaria,BGR,1998,2.89385932
Bulgaria,BGR,1999,3.40091817
Bulgaria,BGR,2000,3.205985584
Bulgaria,BGR,2001,3.157735023
Bulgaria,BGR,2002,3.538991202
Bulgaria,BGR,2003,3.273246387
Bulgaria,BGR,2004,3.439459096
Burkina Faso,BFA,2004,1.961632006
Burundi,BDI,2004,3.20470341
Cambodia,KHM,2004,2.039543181
Cameroon,CMR,2004,1.738670792
Canada,CAN,1950,3.379999076
Canada,CAN,1951,3.075045713
Canada,CAN,1952,3.256766782
Canada,CAN,1953,3.443998793
Canada,CAN,1954,3.143698012
Canada,CAN,1955,3.192913652
Canada,CAN,1956,3.390424554
Canada,CAN,1957,3.602391671
Canada,CAN,1958,4.011051746
Canada,CAN,1959,3.720728481
Canada,CAN,1960,3.99779148
Canada,CAN,1961,4.052930298
Canada,CAN,1962,3.674934732
Canada,CAN,1963,3.055719472
Canada,CAN,1964,3.031352882
Canada,CAN,1965,2.898320874
Canada,CAN,1966,2.966532698
Canada,CAN,1967,2.785801447
Canada,CAN,1968,2.75676834
Canada,CAN,1969,2.53189089
Canada,CAN,1970,2.563507448
Canada,CAN,1971,2.69225317
Canada,CAN,1972,2.500573943
Canada,CAN,1973,2.542782252
Canada,CAN,1974,2.608473592
Canada,CAN,1975,2.582595495
Canada,CAN,1976,2.524667849
Canada,CAN,1977,2.882434677
Canada,CAN,1978,3.041278759
Canada,CAN,1979,3.034821165
Canada,CAN,1980,3.117909484
Canada,CAN,1981,3.128014377
Canada,CAN,1982,3.437566256
Canada,CAN,1983,3.368476064
Canada,CAN,1984,3.504685018
Canada,CAN,1985,3.795204069
Canada,CAN,1986,3.593486469
Canada,CAN,1987,3.641133298
Canada,CAN,1988,3.653413579
Canada,CAN,1989,3.54148667
Canada,CAN,1990,3.938048441
Canada,CAN,1991,4.238338658
Canada,CAN,1992,3.783929771
Canada,CAN,1993,3.929460685
Canada,CAN,1994,3.888126028
Canada,CAN,1995,3.968072106
Canada,CAN,1996,3.779624528
Canada,CAN,1997,3.922756202
Canada,CAN,1998,3.885975861
Canada,CAN,1999,3.982573961
Canada,CAN,2000,3.502487479
Canada,CAN,2001,3.558097695
Canada,CAN,2002,3.548051357
Canada,CAN,2003,3.439905182
Canada,CAN,2004,3.200613931
Cape Verde,CPV,2004,1.454915803
Central African Republic,CAF,2004,2.171511745
Chad,TCD,2004,2.136581112
Chile,CHL,1955,5.949265854
Chile,CHL,1956,4.73340024
Chile,CHL,1957,5.759339856
Chile,CHL,1958,4.673624232
Chile,CHL,1959,4.963732062
Chile,CHL,1960,4.258015598
Chile,CHL,1961,3.587990888
Chile,CHL,1962,4.688115156
Chile,CHL,1963,9.677609821
Chile,CHL,1964,4.655518197
Chile,CHL,1965,3.420693351
Chile,CHL,1966,3.734816874
Chile,CHL,1967,6.207237042
Chile,CHL,1968,4.488873255
Chile,CHL,1969,4.135499639
Chile,CHL,1970,4.503272659
Chile,CHL,1971,5.949208146
Chile,CHL,1972,5.042484259
Chile,CHL,1973,4.799314227
Chile,CHL,1974,6.051452387
Chile,CHL,1975,5.776114182
Chile,CHL,1976,4.401040302
Chile,CHL,1977,7.739769075
Chile,CHL,1978,5.795050028
Chile,CHL,1979,5.159209239
Chile,CHL,1980,6.397968056
Chile,CHL,1981,5.392663724
Chile,CHL,1982,7.811043227
Chile,CHL,1983,6.27038257
Chile,CHL,1984,7.050954628
Chile,CHL,1985,5.636222753
Chile,CHL,1986,5.006840963
Chile,CHL,1987,5.139628783
Chile,CHL,1988,5.547687925
Chile,CHL,1989,6.886392024
Chile,CHL,1990,6.374411893
Chile,CHL,1991,5.46552749
Chile,CHL,1992,6.493148653
Chile,CHL,1993,5.94872387
Chile,CHL,1994,7.797734518
Chile,CHL,1995,6.962118286
Chile,CHL,1996,6.997663442
Chile,CHL,1997,6.173814929
Chile,CHL,1998,7.343281113
Chile,CHL,1999,6.99345518
Chile,CHL,2000,6.504397011
Chile,CHL,2001,6.384134757
Chile,CHL,2002,5.789855197
Chile,CHL,2003,5.83817443
Chile,CHL,2004,5.810107581
China,CHN,2004,0.886915577
Colombia,COL,1953,4.843954622
Colombia,COL,1954,4.629673946
Colombia,COL,1955,7.235706628
Colombia,COL,1956,6.653157625
Colombia,COL,1957,5.923355572
Colombia,COL,1958,2.977964593
Colombia,COL,1959,2.747781522
Colombia,COL,1960,3.205675812
Colombia,COL,1961,2.407781158
Colombia,COL,1962,3.201675963
Colombia,COL,1963,2.568299111
Colombia,COL,1964,2.349322321
Colombia,COL,1965,2.237499096
Colombia,COL,1966,2.144930595
Colombia,COL,1967,2.095139834
Colombia,COL,1968,2.961712843
Colombia,COL,1969,3.941421784
Colombia,COL,1972,3.224189235
Colombia,COL,1974,3.196948913
Colombia,COL,1975,3.090461129
Colombia,COL,1976,3.469456542
Colombia,COL,1977,3.989426642
Colombia,COL,1984,4.488641808
Colombia,COL,1985,4.509266464
Colombia,COL,1986,4.221363082
Colombia,COL,1987,4.770050911
Colombia,COL,1988,5.376047441
Colombia,COL,1989,4.579506259
Colombia,COL,1990,4.028798236
Colombia,COL,1991,4.276794104
Colombia,COL,1992,4.354792934
Colombia,COL,1993,4.732014787
Colombia,COL,1994,4.109615024
Colombia,COL,1995,4.030373345
Colombia,COL,1996,4.537959706
Colombia,COL,1997,4.064731246
Colombia,COL,1998,3.793437095
Colombia,COL,1999,4.082646751
Colombia,COL,2000,3.924088386
Colombia,COL,2001,3.978047188
Colombia,COL,2002,3.693608357
Colombia,COL,2004,4.078353042
Comoros,COM,2004,1.741889996
Congo,COG,2004,1.889938467
Cook Islands,COK,2004,1.626312194
Costa Rica,CRI,1962,6.334164531
Costa Rica,CRI,1963,5.213779815
Costa Rica,CRI,1964,6.244720858
Costa Rica,CRI,1965,12.2991557
Costa Rica,CRI,1966,11.07040929
Costa Rica,CRI,1967,20.3259608
Costa Rica,CRI,1968,11.54756845
Costa Rica,CRI,1969,14.22844384
Costa Rica,CRI,1970,9.198206272
Costa Rica,CRI,1971,7.12134073
Costa Rica,CRI,1972,5.413016641
Costa Rica,CRI,1973,4.670545772
Costa Rica,CRI,1974,5.699426222
Costa Rica,CRI,1975,4.264077843
Costa Rica,CRI,1976,4.948385163
Costa Rica,CRI,1977,3.610058767
Costa Rica,CRI,1978,4.530614086
Costa Rica,CRI,1979,5.938414541
Costa Rica,CRI,1980,4.449920603
Costa Rica,CRI,1981,5.449570884
Costa Rica,CRI,1982,4.280315148
Costa Rica,CRI,1983,7.367606585
Costa Rica,CRI,1984,5.14180509
Costa Rica,CRI,1985,7.774687694
Costa Rica,CRI,1986,12.14665684
Costa Rica,CRI,1987,5.665384981
Costa Rica,CRI,1988,9.148051515
Costa Rica,CRI,1989,5.009362721
Costa Rica,CRI,1990,8.324589634
Costa Rica,CRI,1991,7.011009464
Costa Rica,CRI,1992,6.285723404
Costa Rica,CRI,1993,5.567252741
Costa Rica,CRI,1994,4.997685196
Costa Rica,CRI,1995,4.74131232
Costa Rica,CRI,1996,8.253902975
Costa Rica,CRI,1997,6.175638305
Costa Rica,CRI,1998,9.008120172
Costa Rica,CRI,1999,9.570230992
Costa Rica,CRI,2000,7.710554534
Costa Rica,CRI,2001,6.635714217
Costa Rica,CRI,2002,6.3852624
Costa Rica,CRI,2003,5.55339122
Costa Rica,CRI,2004,6.522532033
Cote d'Ivoire,CIV,2004,2.370370419
Croatia,HRV,1985,3.030773128
Croatia,HRV,1986,3.160496747
Croatia,HRV,1987,2.998019909
Croatia,HRV,1988,2.777407675
Croatia,HRV,1989,2.765640887
Croatia,HRV,1990,3.074176597
Croatia,HRV,1991,3.009435368
Croatia,HRV,1992,3.705387177
Croatia,HRV,1993,3.165037624
Croatia,HRV,1994,3.418841898
Croatia,HRV,1995,3.529472929
Croatia,HRV,1996,3.563932753
Croatia,HRV,1997,3.458162881
Croatia,HRV,1998,3.387063068
Croatia,HRV,1999,3.528210379
Croatia,HRV,2000,4.004246658
Croatia,HRV,2001,3.867379735
Croatia,HRV,2002,3.614649285
Croatia,HRV,2003,4.58061231
Croatia,HRV,2004,3.37384878
Cuba,CUB,1964,1.835074816
Cuba,CUB,1968,1.617766688
Cuba,CUB,1969,1.260117164
Cuba,CUB,1970,1.53319428
Cuba,CUB,1971,1.63594378
Cuba,CUB,1972,1.471725362
Cuba,CUB,1973,1.886852783
Cuba,CUB,1974,1.581662063
Cuba,CUB,1975,1.60403549
Cuba,CUB,1976,1.437702296
Cuba,CUB,1977,1.299799441
Cuba,CUB,1992,1.410839782
Cuba,CUB,1993,1.469058067
Cuba,CUB,1994,1.72982865
Cuba,CUB,1995,1.735289882
Cuba,CUB,1996,2.028845034
Cuba,CUB,1997,2.215708641
Cuba,CUB,1998,2.123519936
Cuba,CUB,1999,2.50130413
Cuba,CUB,2000,2.461033957
Cuba,CUB,2001,2.653513123
Cuba,CUB,2002,2.550621793
Cuba,CUB,2003,3.063015419
Cuba,CUB,2004,3.117771945
Cyprus,CYP,2004,3.557614958
Czech Republic,CZE,1986,3.036187491
Czech Republic,CZE,1987,3.192108349
Czech Republic,CZE,1988,2.826644429
Czech Republic,CZE,1989,3.082488457
Czech Republic,CZE,1990,3.210776411
Czech Republic,CZE,1991,3.326316676
Czech Republic,CZE,1992,3.61534903
Czech Republic,CZE,1993,3.454714813
Czech Republic,CZE,1994,3.192777023
Czech Republic,CZE,1995,3.610866915
Czech Republic,CZE,1996,4.252806884
Czech Republic,CZE,1997,4.365695423
Czech Republic,CZE,1998,4.463919803
Czech Republic,CZE,1999,4.783727715
Czech Republic,CZE,2000,4.44039901
Czech Republic,CZE,2001,4.719841689
Czech Republic,CZE,2002,4.414941726
Czech Republic,CZE,2003,4.62659333
Czech Republic,CZE,2004,5.327087639
Czechoslovakia,OWID_CZS,1953,2.617768149
Czechoslovakia,OWID_CZS,1954,2.913708155
Czechoslovakia,OWID_CZS,1955,2.767313598
Czechoslovakia,OWID_CZS,1956,2.678242075
Czechoslovakia,OWID_CZS,1957,2.768800608
Czechoslovakia,OWID_CZS,1958,2.68286741
Czechoslovakia,OWID_CZS,1959,2.730834265
Czechoslovakia,OWID_CZS,1960,2.479830205
Czechoslovakia,OWID_CZS,1961,2.709667706
Czechoslovakia,OWID_CZS,1962,2.669812909
Czechoslovakia,OWID_CZS,1963,2.749426421
Czechoslovakia,OWID_CZS,1964,2.7225662
Czechoslovakia,OWID_CZS,1965,2.845559007
Czechoslovakia,OWID_CZS,1966,2.87866216
Czechoslovakia,OWID_CZS,1967,2.942710066
Czechoslovakia,OWID_CZS,1968,2.805292187
Czechoslovakia,OWID_CZS,1969,3.051037776
Czechoslovakia,OWID_CZS,1970,3.059571521
Czechoslovakia,OWID_CZS,1971,3.31200443
Czechoslovakia,OWID_CZS,1972,3.107759826
Czechoslovakia,OWID_CZS,1973,3.314103936
Czechoslovakia,OWID_CZS,1974,3.334921903
Czechoslovakia,OWID_CZS,1975,3.213970235
Czechoslovakia,OWID_CZS,1976,3.197883796
Czechoslovakia,OWID_CZS,1977,3.605591412
Czechoslovakia,OWID_CZS,1978,3.230966202
Czechoslovakia,OWID_CZS,1979,3.508815587
Czechoslovakia,OWID_CZS,1980,3.254802441
Czechoslovakia,OWID_CZS,1981,3.561028903
Czechoslovakia,OWID_CZS,1982,3.499639468
Czechoslovakia,OWID_CZS,1983,3.737954973
Czechoslovakia,OWID_CZS,1984,3.49571562
Czechoslovakia,OWID_CZS,1985,3.710172217
Czechoslovakia,OWID_CZS,1986,3.368168833
Czechoslovakia,OWID_CZS,1987,3.716331058
Czechoslovakia,OWID_CZS,1988,3.247132993
Czechoslovakia,OWID_CZS,1989,3.478281764
Czechoslovakia,OWID_CZS,1990,3.568840567
Czechoslovakia,OWID_CZS,1991,3.922471103
Democratic Republic of Congo,COD,2004,3.13927733
Denmark,DNK,1951,2.193939572
Denmark,DNK,1952,2.237533763
Denmark,DNK,1953,2.092182001
Denmark,DNK,1954,2.14516624
Denmark,DNK,1955,2.264345647
Denmark,DNK,1956,2.124133808
Denmark,DNK,1957,2.116092669
Denmark,DNK,1958,2.246194122
Denmark,DNK,1959,2.274340633
Denmark,DNK,1960,2.103357557
Denmark,DNK,1961,2.069782446
Denmark,DNK,1962,1.96198468
Denmark,DNK,1963,2.074774948
Denmark,DNK,1964,1.83574644
Denmark,DNK,1965,1.725303102
Denmark,DNK,1966,2.007947044
Denmark,DNK,1967,2.150575646
Denmark,DNK,1968,1.908497558
Denmark,DNK,1969,1.789723524
Denmark,DNK,1970,1.848409875
Denmark,DNK,1971,1.8059561
Denmark,DNK,1972,1.798363767
Denmark,DNK,1973,1.686254213
Denmark,DNK,1974,1.981121107
Denmark,DNK,1975,1.696018872
Denmark,DNK,1976,1.860040685
Denmark,DNK,1977,1.863937053
Denmark,DNK,1978,1.565936543
Denmark,DNK,1979,1.711374925
Denmark,DNK,1980,1.908481169
Denmark,DNK,1981,1.919122872
Denmark,DNK,1982,1.864884785
Denmark,DNK,1983,1.938137458
Denmark,DNK,1984,1.870492977
Denmark,DNK,1985,1.773993871
Denmark,DNK,1986,1.872565245
Denmark,DNK,1987,1.912903232
Denmark,DNK,1988,1.91753444
Denmark,DNK,1989,1.817539156
Denmark,DNK,1990,2.172197293
Denmark,DNK,1991,2.216575901
Denmark,DNK,1992,2.095664801
Denmark,DNK,1993,2.103113105
Denmark,DNK,1994,2.469241066
Denmark,DNK,1995,2.469259247
Denmark,DNK,1996,2.705085622
Denmark,DNK,1997,2.405481154
Denmark,DNK,1998,2.864875836
Denmark,DNK,1999,3.140802935
Denmark,DNK,2000,3.130395227
Denmark,DNK,2001,2.753748546
Denmark,DNK,2002,3.237481952
Denmark,DNK,2003,3.410896413
Denmark,DNK,2004,2.584449344
Djibouti,DJI,2004,1.37872363
Dominica,DMA,2004,5.676514798
Dominican Republic,DOM,2004,4.303151319
East Germany,OWID_GDR,1973,2.088139814
East Germany,OWID_GDR,1974,2.108614748
East Germany,OWID_GDR,1989,2.906831124
East Germany,OWID_GDR,1990,3.041164121
Ecuador,ECU,2004,2.643761066
Egypt,EGY,1973,1.124020595
Egypt,EGY,1974,2.973236583
Egypt,EGY,1975,2.377807076
Egypt,EGY,1976,1.562844271
Egypt,EGY,1977,1.866063004
Egypt,EGY,1978,2.781232902
Egypt,EGY,1979,1.991540502
Egypt,EGY,1980,2.480530298
Egypt,EGY,1987,1.6632422
Egypt,EGY,2000,2.959798365
Egypt,EGY,2004,1.256994462
El Salvador,SLV,2004,3.18823108
Equatorial Guinea,GNQ,2004,1.887995474
Eritrea,ERI,2004,1.84275296
Estonia,EST,1981,3.883253481
Estonia,EST,1982,4.289659343
Estonia,EST,1985,5.087591063
Estonia,EST,1986,3.86840595
Estonia,EST,1987,4.726913767
Estonia,EST,1988,3.443978194
Estonia,EST,1989,3.118256643
Estonia,EST,1990,3.64464914
Estonia,EST,1991,4.208823368
Estonia,EST,1992,4.13370457
Estonia,EST,1993,4.94926664
Estonia,EST,1994,5.504357922
Estonia,EST,1995,5.04218663
Estonia,EST,1996,5.628900636
Estonia,EST,1997,6.603741922
Estonia,EST,1998,6.612321468
Estonia,EST,1999,5.881282076
Estonia,EST,2000,4.542703151
Estonia,EST,2001,5.433802767
Estonia,EST,2002,5.829289222
Estonia,EST,2003,5.800660411
Estonia,EST,2004,5.965503758
Ethiopia,ETH,2004,2.341155206
Fiji,FJI,2004,1.378319052
Finland,FIN,1952,5.194290964
Finland,FIN,1953,4.28264409
Finland,FIN,1954,4.451868064
Finland,FIN,1955,4.227684242
Finland,FIN,1956,4.447240686
Finland,FIN,1957,3.863287443
Finland,FIN,1958,3.77422257
Finland,FIN,1959,3.901616823
Finland,FIN,1960,3.991872001
Finland,FIN,1961,4.10978145
Finland,FIN,1962,3.827997914
Finland,FIN,1963,4.338700841
Finland,FIN,1964,3.566778546
Finland,FIN,1965,4.31615164
Finland,FIN,1966,3.590985581
Finland,FIN,1967,4.201124158
Finland,FIN,1968,3.885617774
Finland,FIN,1969,3.984199818
Finland,FIN,1970,3.978721146
Finland,FIN,1971,3.988947481
Finland,FIN,1972,4.192136341
Finland,FIN,1973,3.889718281
Finland,FIN,1974,4.030468859
Finland,FIN,1975,4.168701438
Finland,FIN,1976,4.278187951
Finland,FIN,1977,4.117938312
Finland,FIN,1978,4.555303409
Finland,FIN,1979,4.239710072
Finland,FIN,1980,4.155939036
Finland,FIN,1981,4.236166873
Finland,FIN,1982,3.824132187
Finland,FIN,1983,4.132869375
Finland,FIN,1984,4.431201992
Finland,FIN,1985,4.238676372
Finland,FIN,1986,3.907819231
Finland,FIN,1987,3.907458413
Finland,FIN,1988,4.186870272
Finland,FIN,1989,4.279944552
Finland,FIN,1990,4.146107688
Finland,FIN,1991,4.366723235
Finland,FIN,1992,4.204299513
Finland,FIN,1993,4.09480587
Finland,FIN,1994,3.840046867
Finland,FIN,1995,3.715897294
Finland,FIN,1996,3.67799417
Finland,FIN,1997,3.953356022
Finland,FIN,1998,3.874119164
Finland,FIN,1999,4.051532933
Finland,FIN,2000,3.187509544
Finland,FIN,2001,3.767049917
Finland,FIN,2002,3.319657557
Finland,FIN,2003,3.373132233
Finland,FIN,2004,3.326324471
France,FRA,1950,3.767549369
France,FRA,1952,3.796827599
France,FRA,1953,3.775378114
France,FRA,1954,3.821174502
France,FRA,1955,3.62577686
France,FRA,1956,3.376337416
France,FRA,1957,3.243691379
France,FRA,1958,3.246769921
France,FRA,1959,3.174438016
France,FRA,1960,3.328075392
France,FRA,1961,3.544234371
France,FRA,1962,3.501405271
France,FRA,1963,3.472698039
France,FRA,1964,3.260170015
France,FRA,1965,3.46448793
France,FRA,1966,3.244565112
France,FRA,1967,3.285635988
France,FRA,1968,2.965082252
France,FRA,1969,3.041928132
France,FRA,1970,3.001198943
France,FRA,1971,2.869899052
France,FRA,1972,2.819305628
France,FRA,1973,2.897987701
France,FRA,1974,2.854454023
France,FRA,1975,2.808969495
France,FRA,1976,2.795823666
France,FRA,1977,2.568771951
France,FRA,1978,2.752463234
France,FRA,1979,2.813510835
France,FRA,1980,2.743659536
France,FRA,1981,2.810140649
France,FRA,1982,2.857069926
France,FRA,1983,2.847698138
France,FRA,1984,2.825374399
France,FRA,1985,2.823961914
France,FRA,1986,2.798894021
France,FRA,1987,2.769527203
France,FRA,1988,2.78089389
France,FRA,1989,2.82092277
France,FRA,1990,2.899732231
France,FRA,1991,2.880641631
France,FRA,1992,2.984537529
France,FRA,1993,2.948686976
France,FRA,1994,3.145378208
France,FRA,1995,3.011295111
France,FRA,1996,2.939794121
France,FRA,1997,2.93738348
France,FRA,1998,3.14510387
France,FRA,1999,2.956713669
France,FRA,2000,3.129404065
France,FRA,2001,3.084421736
France,FRA,2002,2.993906671
France,FRA,2003,3.173822537
France,FRA,2004,2.95055932
Gabon,GAB,2004,1.524788381
Gambia,GMB,2004,1.796989903
Georgia,GEO,1981,3.945090821
Georgia,GEO,1982,3.484801669
Georgia,GEO,1985,3.047575195
Georgia,GEO,1986,2.732276171
Georgia,GEO,1987,2.882226593
Georgia,GEO,1988,3.517332213
Georgia,GEO,1989,2.926533968
Georgia,GEO,1990,3.186460276
Georgia,GEO,1991,2.986248915
Georgia,GEO,1992,3.484791416
Georgia,GEO,1994,3.491296107
Georgia,GEO,1995,4.098114475
Georgia,GEO,1996,4.29786186
Georgia,GEO,1997,4.782753282
Georgia,GEO,1998,4.63645879
Georgia,GEO,1999,4.290267692
Georgia,GEO,2000,5.007577622
Georgia,GEO,2001,3.786698319
Georgia,GEO,2004,3.788445906
Germany,DEU,1990,2.810451965
Germany,DEU,1991,2.849632611
Germany,DEU,1992,2.921979089
Germany,DEU,1993,3.039066553
Germany,DEU,1994,3.178508048
Germany,DEU,1995,3.138294665
Germany,DEU,1996,3.089283153
Germany,DEU,1997,3.183880734
Germany,DEU,1998,3.379936197
Germany,DEU,1999,3.246175282
Germany,DEU,2000,3.37549248
Germany,DEU,2001,3.420521179
Germany,DEU,2002,3.257324594
Germany,DEU,2003,3.303143539
Germany,DEU,2004,3.467389701
Ghana,GHA,2004,1.265766905
Greece,GRC,1961,2.054196324
Greece,GRC,1962,1.825582186
Greece,GRC,1963,1.941516726
Greece,GRC,1964,2.745839723
Greece,GRC,1965,2.182933659
Greece,GRC,1966,1.826331916
Greece,GRC,1967,2.268728147
Greece,GRC,1968,2.912284452
Greece,GRC,1969,2.462848562
Greece,GRC,1970,2.575702428
Greece,GRC,1971,2.547226292
Greece,GRC,1972,2.78014725
Greece,GRC,1973,2.193235144
Greece,GRC,1974,2.060263803
Greece,GRC,1975,1.791585649
Greece,GRC,1976,2.106513654
Greece,GRC,1977,2.540400411
Greece,GRC,1978,2.747399518
Greece,GRC,1979,2.216624073
Greece,GRC,1980,2.835397104
Greece,GRC,1981,2.375527317
Greece,GRC,1982,2.439352588
Greece,GRC,1983,3.008664244
Greece,GRC,1984,2.671753784
Greece,GRC,1985,2.418317635
Greece,GRC,1986,3.190459505
Greece,GRC,1987,2.859074984
Greece,GRC,1988,3.008718053
Greece,GRC,1989,3.018099338
Greece,GRC,1990,3.749837046
Greece,GRC,1991,3.867719164
Greece,GRC,1992,4.205475428
Greece,GRC,1993,3.329346959
Greece,GRC,1994,4.48221798
Greece,GRC,1995,5.160333134
Greece,GRC,1996,5.463403119
Greece,GRC,1997,6.571657279
Greece,GRC,1998,3.668269377
Greece,GRC,1999,3.789475666
Greece,GRC,2000,3.778554289
Greece,GRC,2001,6.363147006
Greece,GRC,2002,4.219461083
Greece,GRC,2003,4.35647393
Greece,GRC,2004,4.436214924
Grenada,GRD,2004,21.40290984
Guatemala,GTM,1963,20.35786837
Guatemala,GTM,1964,6.735159179
Guatemala,GTM,1965,12.94211941
Guatemala,GTM,1966,14.76510073
Guatemala,GTM,1967,8.081959951
Guatemala,GTM,1968,2.697374934
Guatemala,GTM,1969,4.257946974
Guatemala,GTM,1970,7.653166924
Guatemala,GTM,1971,3.86882273
Guatemala,GTM,1977,0
Guatemala,GTM,1979,8.911141722
Guatemala,GTM,1980,5.022063315
Guatemala,GTM,1981,16.42085098
Guatemala,GTM,1984,5.739506075
Guatemala,GTM,1986,5.228763916
Guatemala,GTM,1987,3.472212324
Guatemala,GTM,1988,5.586913136
Guatemala,GTM,1989,4.782906118
Guatemala,GTM,1990,5.529041155
Guatemala,GTM,1991,4.416151096
Guatemala,GTM,1992,3.758922646
Guatemala,GTM,1993,5.347233723
Guatemala,GTM,1994,6.943899868
Guatemala,GTM,1995,3.822244459
Guatemala,GTM,1996,5.104404103
Guatemala,GTM,1997,3.81306972
Guatemala,GTM,1998,4.194293578
Guatemala,GTM,1999,5.849675806
Guatemala,GTM,2000,4.446214107
Guatemala,GTM,2001,4.023711066
Guatemala,GTM,2002,3.586991512
Guatemala,GTM,2003,4.778013168
Guatemala,GTM,2004,3.318577483
Guinea,GIN,2004,1.772854089
Guinea-Bissau,GNB,2004,2.221801504
Guyana,GUY,2004,2.356663202
Haiti,HTI,2004,2.074306229
Honduras,HND,2004,1.982384683
Hungary,HUN,1955,2.347915774
Hungary,HUN,1956,2.581004746
Hungary,HUN,1957,2.611648035
Hungary,HUN,1958,2.454242484
Hungary,HUN,1959,2.737808214
Hungary,HUN,1960,2.548225626
Hungary,HUN,1961,2.602079357
Hungary,HUN,1962,2.604054485
Hungary,HUN,1963,2.455616011
Hungary,HUN,1964,2.655109903
Hungary,HUN,1965,2.615843911
Hungary,HUN,1966,2.581961815
Hungary,HUN,1967,2.760674816
Hungary,HUN,1968,2.922605682
Hungary,HUN,1969,2.881080334
Hungary,HUN,1970,2.963492627
Hungary,HUN,1971,2.830170583
Hungary,HUN,1972,2.842667497
Hungary,HUN,1973,2.906343472
Hungary,HUN,1974,2.900106376
Hungary,HUN,1975,2.936394677
Hungary,HUN,1976,2.796232104
Hungary,HUN,1977,2.540973382
Hungary,HUN,1978,2.644686497
Hungary,HUN,1979,2.796503108
Hungary,HUN,1980,2.824303469
Hungary,HUN,1981,2.562005764
Hungary,HUN,1982,2.796652507
Hungary,HUN,1983,2.917253458
Hungary,HUN,1984,3.100108987
Hungary,HUN,1985,3.404036923
Hungary,HUN,1986,2.949328989
Hungary,HUN,1987,2.985899706
Hungary,HUN,1988,2.609723415
Hungary,HUN,1989,3.133755315
Hungary,HUN,1990,3.314543625
Hungary,HUN,1991,3.36258906
Hungary,HUN,1992,3.596994754
Hungary,HUN,1993,3.610876051
Hungary,HUN,1994,3.920196529
Hungary,HUN,1995,3.649964573
Hungary,HUN,1996,3.726443329
Hungary,HUN,1997,3.902185121
Hungary,HUN,1998,4.145214935
Hungary,HUN,1999,4.29125106
Hungary,HUN,2000,4.121234155
Hungary,HUN,2001,4.287958583
Hungary,HUN,2002,4.339453021
Hungary,HUN,2003,4.492666406
Hungary,HUN,2004,4.134554797
Iceland,ISL,2004,2.904866045
India,IND,2004,1.585035842
Indonesia,IDN,2004,1.477976233
Iran,IRN,2004,1.329288785
Iraq,IRQ,2004,3.042333818
Ireland,IRL,1950,4.997783296
Ireland,IRL,1951,3.488653872
Ireland,IRL,1952,3.841675586
Ireland,IRL,1953,3.928374594
Ireland,IRL,1954,4.59099289
Ireland,IRL,1955,3.590967033
Ireland,IRL,1956,5.392166314
Ireland,IRL,1957,3.666921583
Ireland,IRL,1958,3.447584724
Ireland,IRL,1959,3.422544921
Ireland,IRL,1960,2.471961039
Ireland,IRL,1961,3.850060191
Ireland,IRL,1962,3.668009533
Ireland,IRL,1963,2.760838798
Ireland,IRL,1964,5.146106985
Ireland,IRL,1965,7.025491869
Ireland,IRL,1966,3.043888164
Ireland,IRL,1967,2.914798136
Ireland,IRL,1968,3.576103565
Ireland,IRL,1969,2.693596992
Ireland,IRL,1970,5.366489695
Ireland,IRL,1971,2.75008945
Ireland,IRL,1972,2.500446855
Ireland,IRL,1973,2.568586869
Ireland,IRL,1974,3.450740195
Ireland,IRL,1975,2.348061972
Ireland,IRL,1976,2.379190371
Ireland,IRL,1977,1.763686298
Ireland,IRL,1978,1.93182279
Ireland,IRL,1979,2.942669986
Ireland,IRL,1980,1.945324553
Ireland,IRL,1981,2.329958342
Ireland,IRL,1982,2.792513376
Ireland,IRL,1983,2.450060129
Ireland,IRL,1984,2.356331805
Ireland,IRL,1985,3.551225083
Ireland,IRL,1986,3.08285553
Ireland,IRL,1987,3.144782049
Ireland,IRL,1988,2.654646432
Ireland,IRL,1989,3.450153743
Ireland,IRL,1990,3.013097659
Ireland,IRL,1991,4.53992088
Ireland,IRL,1992,5.47311255
Ireland,IRL,1993,3.856934684
Ireland,IRL,1994,3.537291775
Ireland,IRL,1995,3.842788824
Ireland,IRL,1996,5.545280733
Ireland,IRL,1997,4.390019628
Ireland,IRL,1998,5.934944835
Ireland,IRL,1999,4.283840797
Ireland,IRL,2000,4.820789701
Ireland,IRL,2001,5.227613766
Ireland,IRL,2002,4.589023241
Ireland,IRL,2003,3.811698281
Ireland,IRL,2004,5.382091413
Israel,ISR,1975,1.36838005
Israel,ISR,1976,1.706332234
Israel,ISR,1977,1.858882302
Israel,ISR,1978,1.482304473
Israel,ISR,1979,2.061655113
Israel,ISR,1980,2.171254745
Israel,ISR,1981,1.857377514
Israel,ISR,1982,1.697991559
Israel,ISR,1983,2.248407114
Israel,ISR,1984,2.188830453
Israel,ISR,1985,2.265720284
Israel,ISR,1986,2.019039199
Israel,ISR,1987,2.750261245
Israel,ISR,1988,2.573497987
Israel,ISR,1989,2.692762525
Israel,ISR,1990,2.832065197
Israel,ISR,1991,2.939133134
Israel,ISR,1992,2.910121545
Israel,ISR,1993,3.033424211
Israel,ISR,1994,3.019941929
Israel,ISR,1995,2.930055064
Israel,ISR,1996,3.412681089
Israel,ISR,1997,4.473137504
Israel,ISR,1998,3.307602727
Israel,ISR,1999,4.790627762
Israel,ISR,2000,3.877760177
Israel,ISR,2001,4.876410709
Israel,ISR,2002,3.486459082
Israel,ISR,2003,5.327654453
Israel,ISR,2004,3.820842776
Italy,ITA,1951,3.105363279
Italy,ITA,1952,2.760991659
Italy,ITA,1953,2.457512561
Italy,ITA,1954,2.54490792
Italy,ITA,1955,2.748370974
Italy,ITA,1956,2.755666715
Italy,ITA,1957,2.614843152
Italy,ITA,1958,2.544150761
Italy,ITA,1959,2.552818516
Italy,ITA,1960,2.442584519
Italy,ITA,1961,2.445018709
Italy,ITA,1962,2.577737204
Italy,ITA,1963,2.405900764
Italy,ITA,1964,2.624588628
Italy,ITA,1965,2.648736561
Italy,ITA,1966,2.577500946
Italy,ITA,1967,2.618677758
Italy,ITA,1968,2.585123368
Italy,ITA,1969,2.456812541
Italy,ITA,1970,2.443265189
Italy,ITA,1971,2.415313173
Italy,ITA,1972,2.428735823
Italy,ITA,1973,2.623371997
Italy,ITA,1974,2.248634568
Italy,ITA,1975,2.436865375
Italy,ITA,1976,2.424917389
Italy,ITA,1977,2.574367373
Italy,ITA,1978,2.669225705
Italy,ITA,1979,2.512034556
Italy,ITA,1980,2.386900316
Italy,ITA,1981,2.629977021
Italy,ITA,1982,2.704513646
Italy,ITA,1983,2.827645635
Italy,ITA,1984,2.711292822
Italy,ITA,1985,2.884436857
Italy,ITA,1986,2.796194499
Italy,ITA,1987,3.113470847
Italy,ITA,1988,2.860004928
Italy,ITA,1989,2.967578758
Italy,ITA,1990,2.980629346
Italy,ITA,1991,2.975307448
Italy,ITA,1992,3.219157031
Italy,ITA,1993,3.481115659
Italy,ITA,1994,3.499690471
Italy,ITA,1995,3.504186907
Italy,ITA,1996,3.275925813
Italy,ITA,1997,3.501540283
Italy,ITA,1998,3.709214287
Italy,ITA,1999,3.453588758
Italy,ITA,2000,3.362136066
Italy,ITA,2001,3.574970268
Italy,ITA,2002,3.842771794
Italy,ITA,2003,3.499713985
Italy,ITA,2004,3.802960633
Jamaica,JAM,2004,2.799214234
Japan,JPN,1950,1.691761937
Japan,JPN,1951,1.579055647
Japan,JPN,1952,1.525598571
Japan,JPN,1953,1.569268202
Japan,JPN,1954,1.707157658
Japan,JPN,1955,1.713670166
Japan,JPN,1956,1.617269761
Japan,JPN,1957,1.615644939
Japan,JPN,1958,1.547725904
Japan,JPN,1959,1.49259569
Japan,JPN,1960,1.446518129
Japan,JPN,1961,1.400094543
Japan,JPN,1962,1.464126426
Japan,JPN,1963,1.504359566
Japan,JPN,1964,1.450982567
Japan,JPN,1965,1.508884052
Japan,JPN,1966,1.423429422
Japan,JPN,1967,1.422807889
Japan,JPN,1968,1.405045813
Japan,JPN,1969,1.392082103
Japan,JPN,1970,1.411687299
Japan,JPN,1971,1.435325096
Japan,JPN,1972,1.464074963
Japan,JPN,1973,1.472272276
Japan,JPN,1974,1.427884091
Japan,JPN,1975,1.577606837
Japan,JPN,1976,1.607183901
Japan,JPN,1977,1.712421952
Japan,JPN,1978,1.772627853
Japan,JPN,1979,1.802008771
Japan,JPN,1980,1.854145617
Japan,JPN,1981,1.94575056
Japan,JPN,1982,1.998152764
Japan,JPN,1983,2.342760973
Japan,JPN,1984,2.278118504
Japan,JPN,1985,2.194101569
Japan,JPN,1986,2.051830755
Japan,JPN,1987,2.069102242
Japan,JPN,1988,1.963234776
Japan,JPN,1989,1.864218056
Japan,JPN,1990,1.878225911
Japan,JPN,1991,1.993578894
Japan,JPN,1992,2.167087979
Japan,JPN,1993,2.294508584
Japan,JPN,1994,2.413340069
Japan,JPN,1995,2.32468112
Japan,JPN,1996,2.390442313
Japan,JPN,1997,2.433664805
Japan,JPN,1998,2.731787117
Japan,JPN,1999,2.848545974
Japan,JPN,2000,2.880182508
Japan,JPN,2001,2.869461011
Japan,JPN,2002,2.974292498
Japan,JPN,2003,3.000827432
Japan,JPN,2004,2.942084213
Jordan,JOR,2004,2.630502343
Kazakhstan,KAZ,1981,4.085030218
Kazakhstan,KAZ,1982,4.402842209
Kazakhstan,KAZ,1985,4.19261081
Kazakhstan,KAZ,1986,3.470902338
Kazakhstan,KAZ,1987,3.505721497
Kazakhstan,KAZ,1988,3.53664359
Kazakhstan,KAZ,1989,3.750625989
Kazakhstan,KAZ,1990,3.562455884
Kazakhstan,KAZ,1991,3.950688722
Kazakhstan,KAZ,1992,3.738905564
Kazakhstan,KAZ,1993,4.413229387
Kazakhstan,KAZ,1994,4.807082419
Kazakhstan,KAZ,1995,5.612378319
Kazakhstan,KAZ,1996,5.790490857
Kazakhstan,KAZ,1997,5.786206699
Kazakhstan,KAZ,1998,5.688855188
Kazakhstan,KAZ,1999,5.773803601
Kazakhstan,KAZ,2001,6.503953387
Kazakhstan,KAZ,2002,6.071455657
Kazakhstan,KAZ,2003,6.070551623
Kazakhstan,KAZ,2004,6.042292619
Kenya,KEN,2004,1.886605931
Kuwait,KWT,1972,1.581950944
Kuwait,KWT,1975,3.463254826
Kuwait,KWT,1976,1.098232518
Kuwait,KWT,1978,2.105530315
Kuwait,KWT,1980,2.507381036
Kuwait,KWT,1981,0.8423701
Kuwait,KWT,1982,0.508308297
Kuwait,KWT,1983,1.820654217
Kuwait,KWT,1984,1.128354779
Kuwait,KWT,1985,4.236955955
Kuwait,KWT,1986,2.007864002
Kuwait,KWT,1987,0.895877845
Kuwait,KWT,1993,1.74959833
Kuwait,KWT,1994,0.782664946
Kuwait,KWT,1995,2.44401417
Kuwait,KWT,1996,1.245782034
Kuwait,KWT,1997,0.641518079
Kuwait,KWT,1998,0.758412111
Kuwait,KWT,1999,1.531091348
Kuwait,KWT,2000,1.045165655
Kuwait,KWT,2001,1.790319318
Kuwait,KWT,2002,1.374412909
Kuwait,KWT,2004,1.48732201
Kyrgyzstan,KGZ,1981,3.811670737
Kyrgyzstan,KGZ,1982,4.639450618
Kyrgyzstan,KGZ,1985,3.495998285
Kyrgyzstan,KGZ,1986,3.512413881
Kyrgyzstan,KGZ,1987,2.992058153
Kyrgyzstan,KGZ,1988,3.272167909
Kyrgyzstan,KGZ,1989,3.203490248
Kyrgyzstan,KGZ,1990,3.205404669
Kyrgyzstan,KGZ,1991,3.470492281
Kyrgyzstan,KGZ,1992,4.42457914
Kyrgyzstan,KGZ,1993,4.213494685
Kyrgyzstan,KGZ,1994,6.202858316
Kyrgyzstan,KGZ,1995,3.805940286
Kyrgyzstan,KGZ,1996,5.392789219
Kyrgyzstan,KGZ,1997,5.111785521
Kyrgyzstan,KGZ,1998,5.361421419
Kyrgyzstan,KGZ,1999,5.115880063
Kyrgyzstan,KGZ,2000,4.890424289
Kyrgyzstan,KGZ,2001,6.882778187
Kyrgyzstan,KGZ,2002,4.794583934
Kyrgyzstan,KGZ,2003,5.531125707
Kyrgyzstan,KGZ,2004,5.558093298
Laos,LAO,2004,1.223519639
Latvia,LVA,1980,4.301256198
Latvia,LVA,1981,5.022051465
Latvia,LVA,1982,4.0251223
Latvia,LVA,1983,4.702721656
Latvia,LVA,1984,4.651833901
Latvia,LVA,1985,4.282308366
Latvia,LVA,1986,4.389910592
Latvia,LVA,1987,3.048614934
Latvia,LVA,1988,3.626969569
Latvia,LVA,1989,3.100489273
Latvia,LVA,1990,4.995960504
Latvia,LVA,1991,4.44892618
Latvia,LVA,1992,4.767594429
Latvia,LVA,1993,4.991762086
Latvia,LVA,1994,5.861208162
Latvia,LVA,1995,5.510127739
Latvia,LVA,1996,5.481729687
Latvia,LVA,1997,5.34020681
Latvia,LVA,1998,5.422850053
Latvia,LVA,1999,4.704294672
Latvia,LVA,2000,5.827325991
Latvia,LVA,2002,4.951250516
Latvia,LVA,2003,5.396543884
Latvia,LVA,2004,6.06133563
Lebanon,LBN,2004,1.224345145
Lesotho,LSO,2004,1.809793721
Liberia,LBR,2004,2.876893769
Libya,LBY,2004,1.225710376
Lithuania,LTU,1981,6.3381075
Lithuania,LTU,1982,5.29858751
Lithuania,LTU,1985,4.934710997
Lithuania,LTU,1986,4.685610217
Lithuania,LTU,1987,4.935023093
Lithuania,LTU,1988,4.094388613
Lithuania,LTU,1989,5.313685833
Lithuania,LTU,1990,5.2829028
Lithuania,LTU,1991,5.101663126
Lithuania,LTU,1992,4.863420147
Lithuania,LTU,1993,5.994979712
Lithuania,LTU,1994,6.801578684
Lithuania,LTU,1995,5.773701395
Lithuania,LTU,1996,5.388926901
Lithuania,LTU,1997,6.041508186
Lithuania,LTU,1998,6.102399287
Lithuania,LTU,1999,6.254113606
Lithuania,LTU,2000,5.368229243
Lithuania,LTU,2001,5.903449146
Lithuania,LTU,2002,7.338491262
Lithuania,LTU,2003,6.108692862
Lithuania,LTU,2004,5.63534718
Luxembourg,LUX,2004,3.394283323
Macedonia,MKD,1991,1.965916941
Macedonia,MKD,1992,1.91219611
Macedonia,MKD,1993,1.835120725
Macedonia,MKD,1994,1.740529571
Macedonia,MKD,1995,1.998459051
Macedonia,MKD,1996,2.586665682
Macedonia,MKD,1997,2.958392478
Macedonia,MKD,1998,1.798074999
Macedonia,MKD,1999,2.372561094
Macedonia,MKD,2000,2.38605126
Macedonia,MKD,2001,3.226565818
Macedonia,MKD,2002,2.237042589
Macedonia,MKD,2003,2.61798713
Macedonia,MKD,2004,3.695168165
Madagascar,MDG,2004,1.769818735
Malawi,MWI,2004,2.172796069
Malaysia,MYS,2004,2.153611645
Maldives,MDV,2004,1.248517624
Mali,MLI,2004,2.392694628
Malta,MLT,2004,2.281783775
Marshall Islands,MHL,2004,1.062101027
Mauritania,MRT,2004,1.79935687
Mauritius,MUS,1961,9.816575986
Mauritius,MUS,1962,4.784879453
Mauritius,MUS,1963,10.02973783
Mauritius,MUS,1964,4.661986882
Mauritius,MUS,1965,12.40560315
Mauritius,MUS,1966,3.804322577
Mauritius,MUS,1967,2.659585492
Mauritius,MUS,1968,2.415669955
Mauritius,MUS,1969,14.15207582
Mauritius,MUS,1970,4.569369505
Mauritius,MUS,1971,3.033849512
Mauritius,MUS,1972,4.534935302
Mauritius,MUS,1973,2.974387005
Mauritius,MUS,1974,3.362613718
Mauritius,MUS,1975,2.688225545
Mauritius,MUS,1976,1.607532939
Mauritius,MUS,1977,2.682547865
Mauritius,MUS,1978,3.645001841
Mauritius,MUS,1979,3.223731283
Mauritius,MUS,1981,1.351369679
Mauritius,MUS,1982,4.242766416
Mauritius,MUS,1983,0.942274676
Mauritius,MUS,1984,1.60025123
Mauritius,MUS,1985,1.998527887
Mauritius,MUS,1986,2.877116886
Mauritius,MUS,1987,1.828533288
Mauritius,MUS,1988,2.439699627
Mauritius,MUS,1989,3.115545471
Mauritius,MUS,1990,1.901628511
Mauritius,MUS,1991,2.350082824
Mauritius,MUS,1992,2.440618455
Mauritius,MUS,1993,2.25632672
Mauritius,MUS,1994,5.055793072
Mauritius,MUS,1995,3.59708454
Mauritius,MUS,1996,3.254750022
Mauritius,MUS,1997,5.158883673
Mauritius,MUS,1998,2.838593674
Mauritius,MUS,1999,2.20536925
Mauritius,MUS,2000,3.677305793
Mauritius,MUS,2001,2.136808695
Mauritius,MUS,2002,3.71627423
Mauritius,MUS,2003,2.753936083
Mauritius,MUS,2004,3.513487711
Mexico,MEX,1955,3.470867588
Mexico,MEX,1956,3.02392847
Mexico,MEX,1957,3.09259487
Mexico,MEX,1958,3.433357418
Mexico,MEX,1959,3.56870976
Mexico,MEX,1960,3.007137767
Mexico,MEX,1961,3.849490482
Mexico,MEX,1962,5.100344941
Mexico,MEX,1963,3.686799302
Mexico,MEX,1964,3.618205087
Mexico,MEX,1965,3.088538884
Mexico,MEX,1966,3.313374909
Mexico,MEX,1967,3.292973569
Mexico,MEX,1968,4.263740416
Mexico,MEX,1969,5.921951952
Mexico,MEX,1970,4.884783538
Mexico,MEX,1971,5.144161002
Mexico,MEX,1972,4.819741491
Mexico,MEX,1973,5.149579666
Mexico,MEX,1974,4.784478963
Mexico,MEX,1975,5.191706127
Mexico,MEX,1976,4.522186766
Mexico,MEX,1977,4.967793619
Mexico,MEX,1978,4.309610151
Mexico,MEX,1979,4.479135199
Mexico,MEX,1980,4.412972887
Mexico,MEX,1981,4.087251525
Mexico,MEX,1982,4.330940161
Mexico,MEX,1983,4.315805033
Mexico,MEX,1984,6.109392353
Mexico,MEX,1985,5.772899504
Mexico,MEX,1986,6.704267863
Mexico,MEX,1987,5.757144215
Mexico,MEX,1988,6.066753624
Mexico,MEX,1989,6.322706505
Mexico,MEX,1990,6.972066032
Mexico,MEX,1991,6.445298206
Mexico,MEX,1992,6.636448929
Mexico,MEX,1993,7.124215471
Mexico,MEX,1994,6.738485718
Mexico,MEX,1995,6.598261806
Mexico,MEX,1996,6.09754045
Mexico,MEX,1997,6.142243065
Mexico,MEX,1998,6.370482921
Mexico,MEX,1999,6.336265807
Mexico,MEX,2000,6.19102111
Mexico,MEX,2001,5.230734589
Mexico,MEX,2002,5.434984077
Mexico,MEX,2003,5.444061935
Mexico,MEX,2004,5.612307792
Micronesia (country),FSM,2004,1.10338456
Moldova,MDA,1981,3.023717449
Moldova,MDA,1982,3.308697898
Moldova,MDA,1985,3.800697675
Moldova,MDA,1986,2.975287901
Moldova,MDA,1987,2.634366369
Moldova,MDA,1988,2.9919466
Moldova,MDA,1989,3.416565234
Moldova,MDA,1990,4.031734434
Moldova,MDA,1991,3.256458062
Moldova,MDA,1992,4.217501034
Moldova,MDA,1993,4.280812759
Moldova,MDA,1994,4.249314923
Moldova,MDA,1995,4.047241939
Moldova,MDA,1996,5.442049348
Moldova,MDA,1997,5.145916808
Moldova,MDA,1998,4.885211601
Moldova,MDA,1999,5.955596885
Moldova,MDA,2000,7.231188918
Moldova,MDA,2001,6.117604874
Moldova,MDA,2002,5.794819677
Moldova,MDA,2003,7.36248994
Moldova,MDA,2004,6.016782013
Monaco,MCO,2004,2.425708119
Mongolia,MNG,2004,3.858107867
Morocco,MAR,2004,1.0050237
Mozambique,MOZ,2004,1.898179484
Myanmar,MMR,2004,1.398082086
Namibia,NAM,2004,1.734348334
Nauru,NRU,2004,0
Nepal,NPL,2004,1.125403856
Netherlands,NLD,1950,2.147010652
Netherlands,NLD,1951,2.006613829
Netherlands,NLD,1952,1.966645444
Netherlands,NLD,1953,1.974752055
Netherlands,NLD,1954,2.097053282
Netherlands,NLD,1955,1.761619675
Netherlands,NLD,1956,1.558594937
Netherlands,NLD,1957,1.47989037
Netherlands,NLD,1958,1.796629401
Netherlands,NLD,1959,1.72772598
Netherlands,NLD,1960,1.722974602
Netherlands,NLD,1961,1.928497319
Netherlands,NLD,1962,1.60103672
Netherlands,NLD,1963,1.851262107
Netherlands,NLD,1964,1.764308895
Netherlands,NLD,1965,1.75471476
Netherlands,NLD,1966,1.809155156
Netherlands,NLD,1967,1.89660721
Netherlands,NLD,1968,1.799239667
Netherlands,NLD,1969,1.688485569
Netherlands,NLD,1970,1.710778597
Netherlands,NLD,1971,1.575832785
Netherlands,NLD,1972,1.632403154
Netherlands,NLD,1973,1.397697954
Netherlands,NLD,1974,1.567778252
Netherlands,NLD,1975,1.580253518
Netherlands,NLD,1976,1.78771932
Netherlands,NLD,1977,1.773521286
Netherlands,NLD,1978,1.421645426
Netherlands,NLD,1979,1.368493763
Netherlands,NLD,1980,1.810935652
Netherlands,NLD,1981,1.64731735
Netherlands,NLD,1982,1.63501117
Netherlands,NLD,1983,1.649800496
Netherlands,NLD,1984,1.670566453
Netherlands,NLD,1985,1.892997643
Netherlands,NLD,1986,1.74392254
Netherlands,NLD,1987,1.696125761
Netherlands,NLD,1988,1.851462063
Netherlands,NLD,1989,1.781571205
Netherlands,NLD,1990,1.827243541
Netherlands,NLD,1991,1.919534706
Netherlands,NLD,1992,2.0266941
Netherlands,NLD,1993,2.073645647
Netherlands,NLD,1994,2.27023519
Netherlands,NLD,1995,2.072794858
Netherlands,NLD,1996,2.093748039
Netherlands,NLD,1997,2.141359489
Netherlands,NLD,1998,2.147345205
Netherlands,NLD,1999,2.121789281
Netherlands,NLD,2000,2.172852672
Netherlands,NLD,2001,2.274700778
Netherlands,NLD,2002,2.265242943
Netherlands,NLD,2003,2.300795947
Netherlands,NLD,2004,2.261974111
New Zealand,NZL,1950,3.099351621
New Zealand,NZL,1951,3.192203749
New Zealand,NZL,1952,3.038104649
New Zealand,NZL,1953,2.58072817
New Zealand,NZL,1954,3.254685143
New Zealand,NZL,1955,2.746938213
New Zealand,NZL,1956,2.041590482
New Zealand,NZL,1957,2.55057028
New Zealand,NZL,1958,3.065286824
New Zealand,NZL,1959,3.465901056
New Zealand,NZL,1960,2.663792912
New Zealand,NZL,1961,3.319272458
New Zealand,NZL,1962,2.199799381
New Zealand,NZL,1963,1.916941423
New Zealand,NZL,1964,1.639818674
New Zealand,NZL,1965,2.072060836
New Zealand,NZL,1966,1.807729404
New Zealand,NZL,1967,2.494088563
New Zealand,NZL,1968,2.169633871
New Zealand,NZL,1969,1.957154589
New Zealand,NZL,1970,2.061647058
New Zealand,NZL,1971,1.772101856
New Zealand,NZL,1972,2.017789129
New Zealand,NZL,1973,2.476784138
New Zealand,NZL,1974,2.241659214
New Zealand,NZL,1975,2.073343754
New Zealand,NZL,1976,2.197260372
New Zealand,NZL,1977,2.416927367
New Zealand,NZL,1978,1.856556836
New Zealand,NZL,1979,2.550673461
New Zealand,NZL,1980,2.113990003
New Zealand,NZL,1981,3.273965545
New Zealand,NZL,1982,2.458294159
New Zealand,NZL,1983,2.481562517
New Zealand,NZL,1984,3.381142079
New Zealand,NZL,1985,3.168344258
New Zealand,NZL,1986,2.778745729
New Zealand,NZL,1987,3.735104481
New Zealand,NZL,1988,3.977133153
New Zealand,NZL,1989,4.151844641
New Zealand,NZL,1990,4.178238105
New Zealand,NZL,1991,4.219641175
New Zealand,NZL,1992,4.283106341
New Zealand,NZL,1993,3.868852059
New Zealand,NZL,1994,4.217683474
New Zealand,NZL,1995,3.850682082
New Zealand,NZL,1996,3.865171331
New Zealand,NZL,1997,3.740708262
New Zealand,NZL,1998,3.462256288
New Zealand,NZL,1999,3.040444584
New Zealand,NZL,2000,4.779578087
New Zealand,NZL,2001,3.459028727
New Zealand,NZL,2002,3.218010278
New Zealand,NZL,2003,2.794527975
New Zealand,NZL,2004,3.511448179
Nicaragua,NIC,2004,3.715417387
Niger,NER,2004,2.585855798
Nigeria,NGA,2004,1.960473789
Niue,NIU,2004,1.309860577
North Korea,PRK,2004,1.455231028
Norway,NOR,1951,3.817543953
Norway,NOR,1952,2.992164485
Norway,NOR,1953,2.745877408
Norway,NOR,1954,4.947586559
Norway,NOR,1955,3.84792721
Norway,NOR,1956,4.481441392
Norway,NOR,1957,4.198125783
Norway,NOR,1958,4.541577398
Norway,NOR,1959,3.133932901
Norway,NOR,1960,4.37348608
Norway,NOR,1961,4.079741055
Norway,NOR,1962,4.250308939
Norway,NOR,1963,2.890413626
Norway,NOR,1964,3.820692123
Norway,NOR,1965,3.455790607
Norway,NOR,1966,3.195174106
Norway,NOR,1967,3.110379935
Norway,NOR,1968,3.284268796
Norway,NOR,1969,3.987725361
Norway,NOR,1970,2.404369273
Norway,NOR,1971,2.948691968
Norway,NOR,1972,2.531303479
Norway,NOR,1973,3.288264756
Norway,NOR,1974,3.654910851
Norway,NOR,1975,2.606064643
Norway,NOR,1976,2.853358514
Norway,NOR,1977,2.795009472
Norway,NOR,1978,2.766533641
Norway,NOR,1979,2.348803873
Norway,NOR,1980,2.807605809
Norway,NOR,1981,2.985937265
Norway,NOR,1982,2.762935539
Norway,NOR,1983,2.687540004
Norway,NOR,1984,3.119005583
Norway,NOR,1985,2.786867961
Norway,NOR,1986,2.773636247
Norway,NOR,1987,2.984803954
Norway,NOR,1988,2.670180874
Norway,NOR,1989,2.790783392
Norway,NOR,1990,3.000886599
Norway,NOR,1991,3.069300568
Norway,NOR,1992,2.827439057
Norway,NOR,1993,3.372412933
Norway,NOR,1994,2.67412438
Norway,NOR,1995,3.090383228
Norway,NOR,1996,3.008825582
Norway,NOR,1997,2.738085131
Norway,NOR,1998,2.814865784
Norway,NOR,1999,2.849619614
Norway,NOR,2000,3.2238293
Norway,NOR,2001,2.919713278
Norway,NOR,2002,2.74918147
Norway,NOR,2003,2.960253518
Norway,NOR,2004,2.157884878
Oman,OMN,2004,11.30264588
Pakistan,PAK,2004,0.982860794
Palau,PLW,2004,1.337889492
Panama,PAN,1984,4.954357995
Panama,PAN,1985,3.695476978
Panama,PAN,1986,5.260196711
Panama,PAN,1987,3.413908973
Panama,PAN,1988,3.361153411
Panama,PAN,1989,6.573036447
Panama,PAN,1996,6.6245573
Panama,PAN,1997,5.761552689
Panama,PAN,1998,5.083716795
Panama,PAN,1999,6.873224586
Panama,PAN,2000,7.108970168
Panama,PAN,2001,5.992088579
Panama,PAN,2002,4.389134975
Panama,PAN,2003,8.544194268
Panama,PAN,2004,4.74316545
Papua New Guinea,PNG,2004,1.39192633
Paraguay,PRY,1994,3.190855678
Paraguay,PRY,1995,2.917153501
Paraguay,PRY,1996,2.662705255
Paraguay,PRY,1997,2.273737118
Paraguay,PRY,1998,2.664594213
Paraguay,PRY,1999,2.109243826
Paraguay,PRY,2000,2.498762321
Paraguay,PRY,2001,2.154250227
Paraguay,PRY,2002,1.823833659
Paraguay,PRY,2003,3.69181272
Paraguay,PRY,2004,2.350272649
Peru,PER,2004,2.054939315
Philippines,PHL,1992,2.636382838
Philippines,PHL,1993,1.64005875
Philippines,PHL,1997,2.946030441
Philippines,PHL,1998,3.330685249
Philippines,PHL,1999,3.095811142
Philippines,PHL,2000,3.133889455
Philippines,PHL,2001,3.484155362
Philippines,PHL,2002,3.404824857
Philippines,PHL,2003,3.050469855
Philippines,PHL,2004,2.959846786
Poland,POL,1959,4.626286835
Poland,POL,1960,4.936721097
Poland,POL,1961,4.772813657
Poland,POL,1962,4.350447489
Poland,POL,1963,5.188927413
Poland,POL,1964,4.402170525
Poland,POL,1965,4.824584071
Poland,POL,1966,5.247357059
Poland,POL,1967,5.193279334
Poland,POL,1968,5.173406314
Poland,POL,1969,4.772386179
Poland,POL,1970,5.001243695
Poland,POL,1971,5.201150284
Poland,POL,1972,5.200890994
Poland,POL,1973,4.841466485
Poland,POL,1974,4.724398218
Poland,POL,1975,5.491103667
Poland,POL,1976,5.4141916
Poland,POL,1977,5.497082126
Poland,POL,1978,5.745365204
Poland,POL,1979,5.6399558
Poland,POL,1983,5.08741628
Poland,POL,1984,5.047066601
Poland,POL,1985,5.29550156
Poland,POL,1986,5.275728212
Poland,POL,1987,5.02601566
Poland,POL,1988,5.03998625
Poland,POL,1989,5.558699681
Poland,POL,1990,5.244290706
Poland,POL,1991,5.763567583
Poland,POL,1992,5.447313739
Poland,POL,1993,5.320798564
Poland,POL,1994,5.87850879
Poland,POL,1995,5.536415135
Poland,POL,1996,5.638176042
Poland,POL,1999,6.31171747
Poland,POL,2000,5.694518856
Poland,POL,2001,6.668454225
Poland,POL,2002,5.762367624
Poland,POL,2003,6.397760598
Poland,POL,2004,6.430354399
Portugal,PRT,1955,4.764635897
Portugal,PRT,1956,4.938218312
Portugal,PRT,1957,4.069976582
Portugal,PRT,1958,3.691480751
Portugal,PRT,1959,4.891432413
Portugal,PRT,1960,4.080894164
Portugal,PRT,1961,3.604642265
Portugal,PRT,1962,4.208212035
Portugal,PRT,1963,4.307079219
Portugal,PRT,1964,4.702052094
Portugal,PRT,1965,4.528010435
Portugal,PRT,1966,3.948020939
Portugal,PRT,1967,4.327494983
Portugal,PRT,1968,3.876283805
Portugal,PRT,1969,4.086109895
Portugal,PRT,1970,4.057515179
Portugal,PRT,1971,4.802656672
Portugal,PRT,1972,4.031180946
Portugal,PRT,1973,3.608503431
Portugal,PRT,1974,3.304564394
Portugal,PRT,1975,3.56340563
Portugal,PRT,1976,4.129578807
Portugal,PRT,1977,3.545976583
Portugal,PRT,1978,3.291529541
Portugal,PRT,1979,3.477178724
Portugal,PRT,1980,3.114786604
Portugal,PRT,1981,2.709238844
Portugal,PRT,1982,2.616325195
Portugal,PRT,1983,2.986727607
Portugal,PRT,1984,2.644892466
Portugal,PRT,1985,2.850751065
Portugal,PRT,1986,2.950254417
Portugal,PRT,1987,3.31269153
Portugal,PRT,1988,3.810103006
Portugal,PRT,1989,3.357076223
Portugal,PRT,1990,3.368207755
Portugal,PRT,1991,3.513463165
Portugal,PRT,1992,3.077727839
Portugal,PRT,1993,3.47223323
Portugal,PRT,1994,4.064930219
Portugal,PRT,1995,2.94629259
Portugal,PRT,1996,3.667463837
Portugal,PRT,1997,3.857569938
Portugal,PRT,1998,3.742743834
Portugal,PRT,1999,3.572171151
Portugal,PRT,2000,4.638172126
Portugal,PRT,2001,4.00979664
Portugal,PRT,2002,4.013064087
Portugal,PRT,2003,3.794568134
Portugal,PRT,2004,4.071281709
Qatar,QAT,2004,2.834739645
Romania,ROU,1989,3.203932922
Romania,ROU,1990,3.055263109
Romania,ROU,1991,3.432877628
Romania,ROU,1992,4.036508713
Romania,ROU,1993,4.278220228
Romania,ROU,1994,4.429769138
Romania,ROU,1995,4.707042145
Romania,ROU,1996,5.46655911
Romania,ROU,1997,5.622819688
Romania,ROU,1998,5.356088651
Romania,ROU,1999,5.108432091
Romania,ROU,2000,5.275481884
Romania,ROU,2002,5.470420719
Romania,ROU,2003,5.303074516
Romania,ROU,2004,5.973994349
Russia,RUS,1980,4.964459331
Russia,RUS,1981,5.209337814
Russia,RUS,1982,5.250890287
Russia,RUS,1985,4.960801287
Russia,RUS,1986,4.030225576
Russia,RUS,1987,4.190106577
Russia,RUS,1988,4.185625098
Russia,RUS,1989,4.719644172
Russia,RUS,1990,4.718181355
Russia,RUS,1991,4.902595753
Russia,RUS,1992,5.279239143
Russia,RUS,1993,5.855964662
Russia,RUS,1994,6.289038392
Russia,RUS,1995,6.011024312
Russia,RUS,1996,6.334221423
Russia,RUS,1997,6.132208127
Russia,RUS,1998,6.158202376
Russia,RUS,1999,6.10712824
Russia,RUS,2000,6.695433964
Russia,RUS,2001,6.748795263
Russia,RUS,2002,6.518622265
Russia,RUS,2003,6.603441592
Russia,RUS,2004,6.406076351
Rwanda,RWA,2004,2.241193692
Saint Lucia,LCA,2004,3.937635286
Saint Vincent and the Grenadines,VCT,2004,6.398607653
Samoa,WSM,2004,1.067897852
San Marino,SMR,2004,7.604204375
Sao Tome and Principe,STP,2004,3.496785929
Saudi Arabia,SAU,2004,6.177698652
Senegal,SEN,2004,1.784673962
Serbia,SRB,1998,2.765584152
Serbia,SRB,1999,2.768153171
Serbia,SRB,2000,2.80661568
Serbia,SRB,2001,3.053298989
Serbia,SRB,2002,3.287405279
Serbia,SRB,2003,3.23342164
Serbia,SRB,2004,3.207562626
Serbia and Montenegro,OWID_SRM,1997,2.466565512
Serbia and Montenegro,OWID_SRM,1998,2.525589267
Serbia and Montenegro,OWID_SRM,1999,2.497460042
Serbia and Montenegro,OWID_SRM,2000,2.603951845
Serbia and Montenegro,OWID_SRM,2001,2.870918445
Serbia and Montenegro,OWID_SRM,2002,3.23311154
Serbia and Montenegro,OWID_SRM,2004,2.770930828
Seychelles,SYC,2004,104.514093
Sierra Leone,SLE,2004,3.095580154
Singapore,SGP,1963,2.711202519
Singapore,SGP,1964,4.162580233
Singapore,SGP,1965,2.151492348
Singapore,SGP,1966,1.696443216
Singapore,SGP,1967,1.697972143
Singapore,SGP,1968,1.965049991
Singapore,SGP,1969,1.919069888
Singapore,SGP,1970,1.777388708
Singapore,SGP,1971,1.665170439
Singapore,SGP,1972,2.427137089
Singapore,SGP,1973,1.585950145
Singapore,SGP,1974,1.590463392
Singapore,SGP,1975,1.750341169
Singapore,SGP,1976,1.314324556
Singapore,SGP,1977,1.680401639
Singapore,SGP,1978,1.746285655
Singapore,SGP,1979,1.451246634
Singapore,SGP,1980,1.396224193
Singapore,SGP,1981,1.306966927
Singapore,SGP,1982,1.420753727
Singapore,SGP,1983,1.428120974
Singapore,SGP,1984,1.364189111
Singapore,SGP,1985,1.462409995
Singapore,SGP,1986,1.474442099
Singapore,SGP,1987,1.476828782
Singapore,SGP,1988,1.601495308
Singapore,SGP,1989,1.294100199
Singapore,SGP,1990,1.40519434
Singapore,SGP,1991,1.542342974
Singapore,SGP,1992,1.383622249
Singapore,SGP,1993,1.785149917
Singapore,SGP,1994,1.600842118
Singapore,SGP,1995,1.775757486
Singapore,SGP,1996,1.828977731
Singapore,SGP,1997,1.998623254
Singapore,SGP,1998,1.608805157
Singapore,SGP,1999,2.226449959
Singapore,SGP,2000,1.997721188
Singapore,SGP,2001,1.773575196
Singapore,SGP,2002,1.533512387
Singapore,SGP,2003,1.818094415
Singapore,SGP,2004,1.671576762
Slovakia,SVK,1992,5.369347973
Slovakia,SVK,1993,6.098170022
Slovakia,SVK,1994,6.084274805
Slovakia,SVK,1995,5.452473038
Slovakia,SVK,1996,6.129182877
Slovakia,SVK,1997,5.775233249
Slovakia,SVK,1998,7.661244218
Slovakia,SVK,1999,6.545924338
Slovakia,SVK,2000,5.027278877
Slovakia,SVK,2001,6.001798825
Slovakia,SVK,2002,7.110505218
Slovakia,SVK,2003,7.242331455
Slovakia,SVK,2004,5.729718497
Slovenia,SVN,1985,3.967063371
Slovenia,SVN,1986,4.031730803
Slovenia,SVN,1987,3.069009508
Slovenia,SVN,1988,3.183552092
Slovenia,SVN,1989,3.717040829
Slovenia,SVN,1990,3.940365977
Slovenia,SVN,1991,4.020432622
Slovenia,SVN,1992,3.706667309
Slovenia,SVN,1993,4.417226867
Slovenia,SVN,1994,4.014012261
Slovenia,SVN,1995,4.039666478
Slovenia,SVN,1996,3.707195471
Slovenia,SVN,1997,4.60157148
Slovenia,SVN,1998,4.038535083
Slovenia,SVN,1999,3.7903853
Slovenia,SVN,2000,3.281306025
Slovenia,SVN,2001,4.500709628
Slovenia,SVN,2002,4.601557227
Slovenia,SVN,2003,4.380150431
Slovenia,SVN,2004,2.913347755
Solomon Islands,SLB,2004,1.210843102
Somalia,SOM,2004,1.224466899
South Africa,ZAF,2004,3.572724282
South Korea,KOR,1985,2.933585799
South Korea,KOR,1986,3.132750381
South Korea,KOR,1987,2.883714995
South Korea,KOR,1988,2.656073643
South Korea,KOR,1989,2.527134054
South Korea,KOR,1990,2.483054591
South Korea,KOR,1991,2.452447533
South Korea,KOR,1992,2.460785834
South Korea,KOR,1993,2.424716973
South Korea,KOR,1994,2.32726801
South Korea,KOR,1995,2.406976176
South Korea,KOR,1996,2.445267067
South Korea,KOR,1997,2.47781302
South Korea,KOR,1998,2.84815903
South Korea,KOR,1999,2.602953902
South Korea,KOR,2000,2.540778548
South Korea,KOR,2002,2.527554516
South Korea,KOR,2003,2.553459175
South Korea,KOR,2004,2.503533298
Spain,ESP,1951,3.328319818
Spain,ESP,1952,2.90077304
Spain,ESP,1953,3.412626255
Spain,ESP,1954,3.578453566
Spain,ESP,1955,3.488064291
Spain,ESP,1956,3.051626532
Spain,ESP,1957,2.960235427
Spain,ESP,1958,3.028687746
Spain,ESP,1959,3.233785379
Spain,ESP,1960,3.124012039
Spain,ESP,1961,3.547186953
Spain,ESP,1962,3.281061941
Spain,ESP,1963,3.221485182
Spain,ESP,1964,3.546199929
Spain,ESP,1965,3.237177208
Spain,ESP,1966,3.594514854
Spain,ESP,1967,3.274282994
Spain,ESP,1968,3.055946662
Spain,ESP,1969,3.617159176
Spain,ESP,1970,3.156039906
Spain,ESP,1971,3.481100009
Spain,ESP,1972,3.301129781
Spain,ESP,1973,2.945848268
Spain,ESP,1974,2.908686777
Spain,ESP,1975,3.350963613
Spain,ESP,1976,3.178937517
Spain,ESP,1977,3.182597751
Spain,ESP,1978,3.08077986
Spain,ESP,1979,3.350295152
Spain,ESP,1980,3.505446309
Spain,ESP,1981,3.31479862
Spain,ESP,1982,3.038540849
Spain,ESP,1983,3.178121172
Spain,ESP,1984,3.308178872
Spain,ESP,1985,3.15618755
Spain,ESP,1986,3.326566766
Spain,ESP,1987,2.944453912
Spain,ESP,1988,3.136585574
Spain,ESP,1989,3.432150544
Spain,ESP,1990,3.125064496
Spain,ESP,1991,3.267796782
Spain,ESP,1992,3.661298683
Spain,ESP,1993,3.557687773
Spain,ESP,1994,3.871569138
Spain,ESP,1995,3.718731995
Spain,ESP,1996,3.177589115
Spain,ESP,1997,3.458765349
Spain,ESP,1998,3.744633393
Spain,ESP,2001,3.584073532
Spain,ESP,2002,3.427447258
Spain,ESP,2003,3.452662592
Spain,ESP,2004,3.38880377
Sri Lanka,LKA,1950,2.241921793
Sri Lanka,LKA,1951,2.059632503
Sri Lanka,LKA,1952,1.834350454
Sri Lanka,LKA,1953,2.330025799
Sri Lanka,LKA,1954,1.997287187
Sri Lanka,LKA,1955,2.257372027
Sri Lanka,LKA,1956,2.625123955
Sri Lanka,LKA,1957,2.728018342
Sri Lanka,LKA,1958,2.977901449
Sri Lanka,LKA,1959,2.2496264
Sri Lanka,LKA,1960,2.527659019
Sri Lanka,LKA,1961,2.230742384
Sri Lanka,LKA,1962,2.761014537
Sri Lanka,LKA,1963,2.970946207
Sri Lanka,LKA,1964,2.352822352
Sri Lanka,LKA,1965,2.42950994
Sri Lanka,LKA,1966,2.294638079
Sri Lanka,LKA,1967,2.670239911
Sri Lanka,LKA,1968,2.860920919
Sri Lanka,LKA,1977,2.004585979
Sri Lanka,LKA,1980,2.245835374
Sri Lanka,LKA,1981,2.131468796
Sri Lanka,LKA,1982,2.315128248
Sri Lanka,LKA,1983,2.307571142
Sri Lanka,LKA,1984,2.411047513
Sri Lanka,LKA,1985,2.543335449
Sri Lanka,LKA,1986,2.894300236
Sri Lanka,LKA,2004,3.931918745
Sudan,SDN,2004,2.295012478
Suriname,SUR,2004,3.423247217
Swaziland,SWZ,2004,1.41150863
Sweden,SWE,1951,3.379705672
Sweden,SWE,1952,3.744289313
Sweden,SWE,1953,3.093051297
Sweden,SWE,1954,3.117128934
Sweden,SWE,1955,3.224560513
Sweden,SWE,1956,3.43839294
Sweden,SWE,1957,3.540675683
Sweden,SWE,1958,3.033016526
Sweden,SWE,1959,2.956311592
Sweden,SWE,1960,3.027759515
Sweden,SWE,1961,3.083825912
Sweden,SWE,1962,2.959595947
Sweden,SWE,1963,2.635665284
Sweden,SWE,1964,2.597455579
Sweden,SWE,1965,2.695667876
Sweden,SWE,1966,2.685102641
Sweden,SWE,1967,2.799367075
Sweden,SWE,1968,2.674477981
Sweden,SWE,1969,2.437443972
Sweden,SWE,1970,2.321305489
Sweden,SWE,1971,2.345508181
Sweden,SWE,1972,2.59146788
Sweden,SWE,1973,2.501542866
Sweden,SWE,1974,2.540449773
Sweden,SWE,1975,2.48720218
Sweden,SWE,1976,2.321215338
Sweden,SWE,1977,2.6186928
Sweden,SWE,1978,2.287493023
Sweden,SWE,1979,2.201744303
Sweden,SWE,1980,2.506695567
Sweden,SWE,1981,2.41892254
Sweden,SWE,1982,2.520503737
Sweden,SWE,1983,2.526811114
Sweden,SWE,1984,2.354171646
Sweden,SWE,1985,2.228340801
Sweden,SWE,1986,2.617693844
Sweden,SWE,1987,2.457587576
Sweden,SWE,1988,2.324783045
Sweden,SWE,1989,2.568808435
Sweden,SWE,1990,2.327334951
Sweden,SWE,1991,2.432198343
Sweden,SWE,1992,2.297011611
Sweden,SWE,1993,2.311086342
Sweden,SWE,1994,2.579996953
Sweden,SWE,1995,2.443599335
Sweden,SWE,1996,2.460512223
Sweden,SWE,1997,2.536467171
Sweden,SWE,1998,2.724075121
Sweden,SWE,1999,2.423779754
Sweden,SWE,2000,2.496470965
Sweden,SWE,2001,2.475840165
Sweden,SWE,2002,2.831184593
Sweden,SWE,2003,2.262794901
Sweden,SWE,2004,2.658866463
Switzerland,CHE,1951,2.872871156
Switzerland,CHE,1952,3.03140903
Switzerland,CHE,1953,3.657920844
Switzerland,CHE,1954,3.081056704
Switzerland,CHE,1955,2.763877712
Switzerland,CHE,1956,2.949515755
Switzerland,CHE,1957,3.271196369
Switzerland,CHE,1958,2.978305368
Switzerland,CHE,1959,3.440560733
Switzerland,CHE,1960,2.749412123
Switzerland,CHE,1961,2.54360219
Switzerland,CHE,1962,2.839494046
Switzerland,CHE,1963,2.788473282
Switzerland,CHE,1964,2.633850206
Switzerland,CHE,1965,3.039293115
Switzerland,CHE,1966,2.848656117
Switzerland,CHE,1967,3.152967214
Switzerland,CHE,1968,2.85229917
Switzerland,CHE,1969,2.78052237
Switzerland,CHE,1970,2.953193347
Switzerland,CHE,1971,2.42810366
Switzerland,CHE,1972,2.678866519
Switzerland,CHE,1973,2.739434828
Switzerland,CHE,1974,2.485648585
Switzerland,CHE,1975,2.728649478
Switzerland,CHE,1976,2.721709085
Switzerland,CHE,1977,2.547823939
Switzerland,CHE,1978,2.542565826
Switzerland,CHE,1979,2.339654168
Switzerland,CHE,1980,2.555515056
Switzerland,CHE,1981,2.458786365
Switzerland,CHE,1982,2.583422641
Switzerland,CHE,1983,2.848195023
Switzerland,CHE,1984,2.72238138
Switzerland,CHE,1985,2.439618779
Switzerland,CHE,1986,2.633511295
Switzerland,CHE,1987,2.844418189
Switzerland,CHE,1988,2.775020403
Switzerland,CHE,1989,2.642015178
Switzerland,CHE,1990,2.645347713
Switzerland,CHE,1991,3.207425687
Switzerland,CHE,1992,3.110603467
Switzerland,CHE,1993,2.803001938
Switzerland,CHE,1994,2.801712926
Switzerland,CHE,1995,2.861949668
Switzerland,CHE,1996,2.765558322
Switzerland,CHE,1997,3.048162237
Switzerland,CHE,2001,2.790992374
Switzerland,CHE,2002,2.477347775
Switzerland,CHE,2003,2.461131087
Switzerland,CHE,2004,2.358507487
Syria,SYR,2004,1.337034884
Tajikistan,TJK,2004,1.545597509
Tanzania,TZA,2004,2.258286248
Thailand,THA,2004,2.687299009
Timor,TLS,2004,1.773626841
Togo,TGO,2004,1.881027676
Tonga,TON,2004,0.759847424
Trinidad and Tobago,TTO,1951,2.121933578
Trinidad and Tobago,TTO,1952,2.044589321
Trinidad and Tobago,TTO,1953,4.053304553
Trinidad and Tobago,TTO,1954,2.491212366
Trinidad and Tobago,TTO,1955,4.673040222
Trinidad and Tobago,TTO,1956,6.442483704
Trinidad and Tobago,TTO,1957,14.59078027
Trinidad and Tobago,TTO,1958,3.901142335
Trinidad and Tobago,TTO,1960,3.442459101
Trinidad and Tobago,TTO,1961,3.572921939
Trinidad and Tobago,TTO,1962,4.585235037
Trinidad and Tobago,TTO,1963,8.613595809
Trinidad and Tobago,TTO,1967,4.597998685
Trinidad and Tobago,TTO,1968,2.015764602
Trinidad and Tobago,TTO,1970,3.294600276
Trinidad and Tobago,TTO,1971,6.248435412
Trinidad and Tobago,TTO,1972,2.396322111
Trinidad and Tobago,TTO,1973,2.796467665
Trinidad and Tobago,TTO,1974,1.792632409
Trinidad and Tobago,TTO,1975,2.228810588
Trinidad and Tobago,TTO,1976,2.960997568
Trinidad and Tobago,TTO,1977,2.630765629
Trinidad and Tobago,TTO,1978,7.331935819
Trinidad and Tobago,TTO,1979,2.186238746
Trinidad and Tobago,TTO,1980,4.377064178
Trinidad and Tobago,TTO,1981,2.615855755
Trinidad and Tobago,TTO,1982,3.051431837
Trinidad and Tobago,TTO,1983,2.962953232
Trinidad and Tobago,TTO,1984,2.901776813
Trinidad and Tobago,TTO,1985,6.207719313
Trinidad and Tobago,TTO,1986,2.222140375
Trinidad and Tobago,TTO,1987,3.679311065
Trinidad and Tobago,TTO,1988,2.917795432
Trinidad and Tobago,TTO,1989,3.627045076
Trinidad and Tobago,TTO,1990,2.963962595
Trinidad and Tobago,TTO,1991,4.14186701
Trinidad and Tobago,TTO,1992,5.05758862
Trinidad and Tobago,TTO,1993,5.279545655
Trinidad and Tobago,TTO,1994,3.865088732
Trinidad and Tobago,TTO,1995,4.303881741
Trinidad and Tobago,TTO,1996,3.811061268
Trinidad and Tobago,TTO,1997,4.629017144
Trinidad and Tobago,TTO,1998,5.438615304
Trinidad and Tobago,TTO,1999,4.24971035
Trinidad and Tobago,TTO,2000,4.558944636
Trinidad and Tobago,TTO,2001,4.164387002
Trinidad and Tobago,TTO,2002,5.373888658
Trinidad and Tobago,TTO,2004,3.140495729
Tunisia,TUN,2004,2.1958806
Turkey,TUR,2004,1.736409132
Turkmenistan,TKM,1981,3.012587762
Turkmenistan,TKM,1982,2.234011387
Turkmenistan,TKM,1985,3.094746131
Turkmenistan,TKM,1986,2.245642791
Turkmenistan,TKM,1987,1.947632391
Turkmenistan,TKM,1988,2.443394425
Turkmenistan,TKM,1989,2.3413548
Turkmenistan,TKM,1990,2.668100224
Turkmenistan,TKM,1991,2.375668979
Turkmenistan,TKM,1992,2.522690892
Turkmenistan,TKM,1993,2.86390519
Turkmenistan,TKM,1994,2.061867566
Turkmenistan,TKM,1995,4.317857275
Turkmenistan,TKM,1996,4.093497894
Turkmenistan,TKM,1997,3.895862298
Turkmenistan,TKM,1998,4.116744605
Turkmenistan,TKM,2004,5.208341721
Tuvalu,TUV,2004,1.109834388
USSR,OWID_USS,1982,4.999881399
USSR,OWID_USS,1983,5.031915601
USSR,OWID_USS,1984,5.099392107
USSR,OWID_USS,1985,4.725408107
USSR,OWID_USS,1986,3.864422866
USSR,OWID_USS,1987,3.922692761
USSR,OWID_USS,1988,3.948793986
USSR,OWID_USS,1989,4.374604841
USSR,OWID_USS,1990,4.443563752
Uganda,UGA,2004,2.090610166
Ukraine,UKR,1981,5.288678168
Ukraine,UKR,1982,5.289338256
Ukraine,UKR,1985,5.068547321
Ukraine,UKR,1986,4.073973273
Ukraine,UKR,1987,4.175746596
Ukraine,UKR,1988,4.173948665
Ukraine,UKR,1989,4.557075143
Ukraine,UKR,1990,4.833578285
Ukraine,UKR,1991,5.039552358
Ukraine,UKR,1992,4.854979429
Ukraine,UKR,1993,5.314181001
Ukraine,UKR,1994,5.579208755
Ukraine,UKR,1995,6.18717532
Ukraine,UKR,1996,6.351486429
Ukraine,UKR,1997,5.92476558
Ukraine,UKR,1998,5.763897763
Ukraine,UKR,1999,6.088929534
Ukraine,UKR,2000,6.060469966
Ukraine,UKR,2001,6.760671181
Ukraine,UKR,2002,6.468624555
Ukraine,UKR,2003,6.454491762
Ukraine,UKR,2004,6.931906517
United Arab Emirates,ARE,2004,6.58628422
United Kingdom,GBR,1950,2.130029399
United Kingdom,GBR,1951,2.065972035
United Kingdom,GBR,1952,2.199388764
United Kingdom,GBR,1953,2.104559239
United Kingdom,GBR,1954,2.056846207
United Kingdom,GBR,1955,1.909903561
United Kingdom,GBR,1956,1.876268996
United Kingdom,GBR,1957,1.806947481
United Kingdom,GBR,1958,1.839999118
United Kingdom,GBR,1959,1.797219997
United Kingdom,GBR,1960,1.800946679
United Kingdom,GBR,1961,1.691923719
United Kingdom,GBR,1962,1.689439711
United Kingdom,GBR,1963,1.638612273
United Kingdom,GBR,1964,1.578928714
United Kingdom,GBR,1965,1.545717127
United Kingdom,GBR,1966,1.553412455
United Kingdom,GBR,1967,1.681616897
United Kingdom,GBR,1968,1.66562872
United Kingdom,GBR,1969,1.666897733
United Kingdom,GBR,1970,1.612975377
United Kingdom,GBR,1971,1.613185659
United Kingdom,GBR,1972,1.634225299
United Kingdom,GBR,1973,1.640179661
United Kingdom,GBR,1974,1.65314488
United Kingdom,GBR,1975,1.641364965
United Kingdom,GBR,1976,1.787427237
United Kingdom,GBR,1977,1.723348013
United Kingdom,GBR,1978,1.805198756
United Kingdom,GBR,1979,1.810390995
United Kingdom,GBR,1980,1.836010422
United Kingdom,GBR,1981,2.053294821
United Kingdom,GBR,1982,2.184950204
United Kingdom,GBR,1983,2.291067667
United Kingdom,GBR,1984,2.369535733
United Kingdom,GBR,1985,2.41823655
United Kingdom,GBR,1986,2.782577391
United Kingdom,GBR,1987,2.806270923
United Kingdom,GBR,1988,3.07239291
United Kingdom,GBR,1989,3.323420116
United Kingdom,GBR,1990,3.603605972
United Kingdom,GBR,1991,3.786216342
United Kingdom,GBR,1992,3.78022445
United Kingdom,GBR,1993,3.83347176
United Kingdom,GBR,1994,3.909535693
United Kingdom,GBR,1995,3.947747658
United Kingdom,GBR,1996,3.566684213
United Kingdom,GBR,1997,3.676426246
United Kingdom,GBR,1998,3.788157358
United Kingdom,GBR,1999,3.77796821
United Kingdom,GBR,2000,3.599752993
United Kingdom,GBR,2001,3.873499698
United Kingdom,GBR,2002,3.664598076
United Kingdom,GBR,2003,3.598160623
United Kingdom,GBR,2004,3.397484655
United States,USA,1950,3.584370512
United States,USA,1951,3.568812603
United States,USA,1952,3.704064343
United States,USA,1953,3.866415679
United States,USA,1954,4.033025616
United States,USA,1955,3.597398545
United States,USA,1956,3.647090499
United States,USA,1957,3.72282962
United States,USA,1958,3.649908159
United States,USA,1959,3.655590977
United States,USA,1960,3.439486811
United States,USA,1961,3.382839547
United States,USA,1962,3.092829115
United States,USA,1963,2.918546382
United States,USA,1964,2.922005909
United States,USA,1965,2.743114509
United States,USA,1966,2.80699989
United States,USA,1967,2.656153065
United States,USA,1968,2.750381581
United States,USA,1969,2.611529388
United States,USA,1970,2.594913103
United States,USA,1971,2.493238559
United States,USA,1972,2.620464631
United States,USA,1973,2.755467124
United States,USA,1974,2.790134208
United States,USA,1975,2.796973731
United States,USA,1976,2.82707131
United States,USA,1977,2.946859523
United States,USA,1978,2.99979308
United States,USA,1979,3.083649982
United States,USA,1980,3.407663875
United States,USA,1981,3.223970976
United States,USA,1982,3.458249088
United States,USA,1983,3.576428573
United States,USA,1984,3.646750757
United States,USA,1985,3.901965835
United States,USA,1986,3.862396817
United States,USA,1987,3.957379658
United States,USA,1988,4.053736762
United States,USA,1989,4.18875307
United States,USA,1990,4.295445798
United States,USA,1991,4.389937604
United States,USA,1992,4.367276536
United States,USA,1993,4.391102057
United States,USA,1994,4.54496547
United States,USA,1995,4.634085962
United States,USA,1996,4.500292455
United States,USA,1997,4.328221039
United States,USA,1998,4.359137973
United States,USA,1999,4.376647989
United States,USA,2000,4.36236145
United States,USA,2001,4.379107249
United States,USA,2002,4.283906955
United States,USA,2003,4.204120436
United States,USA,2004,3.875764103
Uruguay,URY,1955,2.306860859
Uruguay,URY,1956,2.231280967
Uruguay,URY,1957,2.403169556
Uruguay,URY,1958,3.239295628
Uruguay,URY,1959,3.328406383
Uruguay,URY,1960,2.744960441
Uruguay,URY,1963,3.538033862
Uruguay,URY,1964,3.550144332
Uruguay,URY,1965,3.128219195
Uruguay,URY,1966,3.094629969
Uruguay,URY,1967,3.300826463
Uruguay,URY,1968,3.461426047
Uruguay,URY,1969,2.948915964
Uruguay,URY,1970,2.762041813
Uruguay,URY,1971,3.718860514
Uruguay,URY,1972,4.240069602
Uruguay,URY,1973,4.2450739
Uruguay,URY,1974,2.974512185
Uruguay,URY,1975,4.09363607
Uruguay,URY,1976,2.981073617
Uruguay,URY,1977,4.706399281
Uruguay,URY,1978,3.507576943
Uruguay,URY,1980,5.327800858
Uruguay,URY,1981,5.958003256
Uruguay,URY,1982,4.925572596
Uruguay,URY,1983,5.677222911
Uruguay,URY,1984,4.662824145
Uruguay,URY,1985,5.073006242
Uruguay,URY,1986,3.805612514
Uruguay,URY,1987,3.235669073
Uruguay,URY,1988,4.138672274
Uruguay,URY,1989,4.285319996
Uruguay,URY,1990,4.443439676
Uruguay,URY,1993,3.574227664
Uruguay,URY,1994,4.85774607
Uruguay,URY,1995,3.515662232
Uruguay,URY,1996,4.041175084
Uruguay,URY,1997,4.628014955
Uruguay,URY,1998,4.398982664
Uruguay,URY,1999,4.76885908
Uruguay,URY,2000,5.365562644
Uruguay,URY,2001,3.868186804
Uruguay,URY,2004,4.190918808
Uzbekistan,UZB,1981,3.198614728
Uzbekistan,UZB,1982,3.031166403
Uzbekistan,UZB,1985,2.847573494
Uzbekistan,UZB,1986,2.938813814
Uzbekistan,UZB,1987,2.376359362
Uzbekistan,UZB,1988,2.30857346
Uzbekistan,UZB,1989,2.515820959
Uzbekistan,UZB,1990,2.453423296
Uzbekistan,UZB,1991,3.253989847
Uzbekistan,UZB,1992,3.135510404
Uzbekistan,UZB,1993,3.207851924
Uzbekistan,UZB,1994,3.503726045
Uzbekistan,UZB,1995,3.763927764
Uzbekistan,UZB,1996,4.090245959
Uzbekistan,UZB,1997,3.959936882
Uzbekistan,UZB,1998,3.959603996
Uzbekistan,UZB,1999,3.603140246
Uzbekistan,UZB,2000,3.414389799
Uzbekistan,UZB,2001,3.481518114
Uzbekistan,UZB,2002,3.220203398
Uzbekistan,UZB,2003,3.034556733
Uzbekistan,UZB,2004,3.38781336
Vanuatu,VUT,2004,1.134425804
Venezuela,VEN,1955,4.242107691
Venezuela,VEN,1956,3.633812674
Venezuela,VEN,1957,3.741283405
Venezuela,VEN,1958,3.656287959
Venezuela,VEN,1959,2.401927218
Venezuela,VEN,1960,3.162728925
Venezuela,VEN,1961,2.463423593
Venezuela,VEN,1962,2.534500386
Venezuela,VEN,1963,2.785664054
Venezuela,VEN,1964,3.248026863
Venezuela,VEN,1965,3.381570336
Venezuela,VEN,1966,2.96325604
Venezuela,VEN,1967,3.025024146
Venezuela,VEN,1968,2.99959409
Venezuela,VEN,1969,2.948365512
Venezuela,VEN,1970,3.143663188
Venezuela,VEN,1971,3.159483897
Venezuela,VEN,1972,3.204636691
Venezuela,VEN,1973,4.033296094
Venezuela,VEN,1974,3.478749586
Venezuela,VEN,1975,3.660397267
Venezuela,VEN,1976,4.061156879
Venezuela,VEN,1977,4.375461486
Venezuela,VEN,1978,4.350095545
Venezuela,VEN,1979,4.717427158
Venezuela,VEN,1980,5.195560771
Venezuela,VEN,1981,4.764073
Venezuela,VEN,1982,3.939834795
Venezuela,VEN,1983,4.671599583
Venezuela,VEN,1985,4.935973113
Venezuela,VEN,1986,4.923606525
Venezuela,VEN,1987,4.717550685
Venezuela,VEN,1988,6.02294215
Venezuela,VEN,1989,4.724678566
Venezuela,VEN,1990,4.61665472
Venezuela,VEN,1992,6.264540111
Venezuela,VEN,1993,6.031683833
Venezuela,VEN,1994,4.954053217
Venezuela,VEN,1996,6.005156207
Venezuela,VEN,1997,4.940247554
Venezuela,VEN,1998,5.287024692
Venezuela,VEN,1999,5.294343549
Venezuela,VEN,2000,6.326830207
Venezuela,VEN,2001,5.5752894
Venezuela,VEN,2002,5.295599472
Venezuela,VEN,2003,4.725729448
Venezuela,VEN,2004,4.561073873
Vietnam,VNM,2004,1.530401986
West Germany,OWID_GFR,1952,2.313132549
West Germany,OWID_GFR,1953,2.364027248
West Germany,OWID_GFR,1954,2.237045083
West Germany,OWID_GFR,1955,2.173852791
West Germany,OWID_GFR,1956,2.278906719
West Germany,OWID_GFR,1957,2.217153212
West Germany,OWID_GFR,1958,2.331025242
West Germany,OWID_GFR,1959,2.243165732
West Germany,OWID_GFR,1960,2.23185673
West Germany,OWID_GFR,1961,2.13200519
West Germany,OWID_GFR,1962,2.229047001
West Germany,OWID_GFR,1963,2.246590827
West Germany,OWID_GFR,1964,2.232419612
West Germany,OWID_GFR,1965,2.200532392
West Germany,OWID_GFR,1966,2.249637163
West Germany,OWID_GFR,1967,2.44578916
West Germany,OWID_GFR,1968,2.254291634
West Germany,OWID_GFR,1969,2.169514017
West Germany,OWID_GFR,1970,2.15558946
West Germany,OWID_GFR,1971,2.148786039
West Germany,OWID_GFR,1972,2.175901745
West Germany,OWID_GFR,1973,2.171312414
West Germany,OWID_GFR,1974,2.183384236
West Germany,OWID_GFR,1975,2.202194512
West Germany,OWID_GFR,1976,2.242481349
West Germany,OWID_GFR,1977,2.198781394
West Germany,OWID_GFR,1978,2.261427334
West Germany,OWID_GFR,1979,2.304744816
West Germany,OWID_GFR,1980,2.312976042
West Germany,OWID_GFR,1981,2.371340327
West Germany,OWID_GFR,1982,2.495835123
West Germany,OWID_GFR,1983,2.321534894
West Germany,OWID_GFR,1984,2.515753445
West Germany,OWID_GFR,1985,2.646613527
West Germany,OWID_GFR,1986,2.55578435
West Germany,OWID_GFR,1987,2.610748737
West Germany,OWID_GFR,1988,2.663494202
West Germany,OWID_GFR,1989,2.727189401
West Germany,OWID_GFR,1990,2.742028705
Yemen,YEM,2004,1.346500059
Yugoslavia,OWID_YGS,1968,2.967231648
Yugoslavia,OWID_YGS,1969,2.910881026
Yugoslavia,OWID_YGS,1978,2.410003705
Yugoslavia,OWID_YGS,1979,2.585620023
Yugoslavia,OWID_YGS,1980,2.669820449
Yugoslavia,OWID_YGS,1981,2.758701976
Yugoslavia,OWID_YGS,1982,2.470848143
Yugoslavia,OWID_YGS,1983,2.628800133
Yugoslavia,OWID_YGS,1984,2.718856316
Yugoslavia,OWID_YGS,1985,2.736376964
Yugoslavia,OWID_YGS,1986,2.68405878
Yugoslavia,OWID_YGS,1987,2.528164295
Yugoslavia,OWID_YGS,1988,2.527962859
Yugoslavia,OWID_YGS,1989,2.631449199
Yugoslavia,OWID_YGS,1990,2.669947544
Zambia,ZMB,2004,2.077426836
Zimbabwe,ZWE,2004,2.008948371